neuron_id,well,tile,condition,stimulation,timepoint,timepoint_idx,rfp1_path,halo_path,rfp1_masked_path,halo_masked_path,class_label
A4_tile4_n6,A4,4,Control,0ms,T15,15,images/RFP1/A4_tile4_n6_T15.png,images/Halo/A4_tile4_n6_T15.png,images/RFP1_masked/A4_tile4_n6_T15.png,images/Halo_masked/A4_tile4_n6_T15.png,Control
A4_tile1_n930,A4,1,Control,0ms,T15,15,images/RFP1/A4_tile1_n930_T15.png,images/Halo/A4_tile1_n930_T15.png,images/RFP1_masked/A4_tile1_n930_T15.png,images/Halo_masked/A4_tile1_n930_T15.png,Control
A4_tile4_n1828,A4,4,Control,0ms,T15,15,images/RFP1/A4_tile4_n1828_T15.png,images/Halo/A4_tile4_n1828_T15.png,images/RFP1_masked/A4_tile4_n1828_T15.png,images/Halo_masked/A4_tile4_n1828_T15.png,Control
A4_tile4_n1802,A4,4,Control,0ms,T15,15,images/RFP1/A4_tile4_n1802_T15.png,images/Halo/A4_tile4_n1802_T15.png,images/RFP1_masked/A4_tile4_n1802_T15.png,images/Halo_masked/A4_tile4_n1802_T15.png,Control
A4_tile1_n33,A4,1,Control,0ms,T15,15,images/RFP1/A4_tile1_n33_T15.png,images/Halo/A4_tile1_n33_T15.png,images/RFP1_masked/A4_tile1_n33_T15.png,images/Halo_masked/A4_tile1_n33_T15.png,Control
A4_tile4_n770,A4,4,Control,0ms,T15,15,images/RFP1/A4_tile4_n770_T15.png,images/Halo/A4_tile4_n770_T15.png,images/RFP1_masked/A4_tile4_n770_T15.png,images/Halo_masked/A4_tile4_n770_T15.png,Control
A4_tile4_n1822,A4,4,Control,0ms,T15,15,images/RFP1/A4_tile4_n1822_T15.png,images/Halo/A4_tile4_n1822_T15.png,images/RFP1_masked/A4_tile4_n1822_T15.png,images/Halo_masked/A4_tile4_n1822_T15.png,Control
A4_tile4_n1775,A4,4,Control,0ms,T15,15,images/RFP1/A4_tile4_n1775_T15.png,images/Halo/A4_tile4_n1775_T15.png,images/RFP1_masked/A4_tile4_n1775_T15.png,images/Halo_masked/A4_tile4_n1775_T15.png,Control
A4_tile4_n1860,A4,4,Control,0ms,T15,15,images/RFP1/A4_tile4_n1860_T15.png,images/Halo/A4_tile4_n1860_T15.png,images/RFP1_masked/A4_tile4_n1860_T15.png,images/Halo_masked/A4_tile4_n1860_T15.png,Control
A4_tile4_n4,A4,4,Control,0ms,T15,15,images/RFP1/A4_tile4_n4_T15.png,images/Halo/A4_tile4_n4_T15.png,images/RFP1_masked/A4_tile4_n4_T15.png,images/Halo_masked/A4_tile4_n4_T15.png,Control
A4_tile1_n664,A4,1,Control,0ms,T15,15,images/RFP1/A4_tile1_n664_T15.png,images/Halo/A4_tile1_n664_T15.png,images/RFP1_masked/A4_tile1_n664_T15.png,images/Halo_masked/A4_tile1_n664_T15.png,Control
A4_tile1_n950,A4,1,Control,0ms,T15,15,images/RFP1/A4_tile1_n950_T15.png,images/Halo/A4_tile1_n950_T15.png,images/RFP1_masked/A4_tile1_n950_T15.png,images/Halo_masked/A4_tile1_n950_T15.png,Control
A4_tile1_n19,A4,1,Control,0ms,T15,15,images/RFP1/A4_tile1_n19_T15.png,images/Halo/A4_tile1_n19_T15.png,images/RFP1_masked/A4_tile1_n19_T15.png,images/Halo_masked/A4_tile1_n19_T15.png,Control
A4_tile4_n735,A4,4,Control,0ms,T15,15,images/RFP1/A4_tile4_n735_T15.png,images/Halo/A4_tile4_n735_T15.png,images/RFP1_masked/A4_tile4_n735_T15.png,images/Halo_masked/A4_tile4_n735_T15.png,Control
A4_tile1_n452,A4,1,Control,0ms,T15,15,images/RFP1/A4_tile1_n452_T15.png,images/Halo/A4_tile1_n452_T15.png,images/RFP1_masked/A4_tile1_n452_T15.png,images/Halo_masked/A4_tile1_n452_T15.png,Control
A4_tile4_n49,A4,4,Control,0ms,T15,15,images/RFP1/A4_tile4_n49_T15.png,images/Halo/A4_tile4_n49_T15.png,images/RFP1_masked/A4_tile4_n49_T15.png,images/Halo_masked/A4_tile4_n49_T15.png,Control
A4_tile4_n1813,A4,4,Control,0ms,T15,15,images/RFP1/A4_tile4_n1813_T15.png,images/Halo/A4_tile4_n1813_T15.png,images/RFP1_masked/A4_tile4_n1813_T15.png,images/Halo_masked/A4_tile4_n1813_T15.png,Control
A4_tile4_n27,A4,4,Control,0ms,T15,15,images/RFP1/A4_tile4_n27_T15.png,images/Halo/A4_tile4_n27_T15.png,images/RFP1_masked/A4_tile4_n27_T15.png,images/Halo_masked/A4_tile4_n27_T15.png,Control
A4_tile1_n59,A4,1,Control,0ms,T15,15,images/RFP1/A4_tile1_n59_T15.png,images/Halo/A4_tile1_n59_T15.png,images/RFP1_masked/A4_tile1_n59_T15.png,images/Halo_masked/A4_tile1_n59_T15.png,Control
A4_tile4_n1851,A4,4,Control,0ms,T15,15,images/RFP1/A4_tile4_n1851_T15.png,images/Halo/A4_tile4_n1851_T15.png,images/RFP1_masked/A4_tile4_n1851_T15.png,images/Halo_masked/A4_tile4_n1851_T15.png,Control
A4_tile1_n373,A4,1,Control,0ms,T15,15,images/RFP1/A4_tile1_n373_T15.png,images/Halo/A4_tile1_n373_T15.png,images/RFP1_masked/A4_tile1_n373_T15.png,images/Halo_masked/A4_tile1_n373_T15.png,Control
B1_tile1_n382,B1,1,Control,0ms,T15,15,images/RFP1/B1_tile1_n382_T15.png,images/Halo/B1_tile1_n382_T15.png,images/RFP1_masked/B1_tile1_n382_T15.png,images/Halo_masked/B1_tile1_n382_T15.png,Control
B1_tile4_n239,B1,4,Control,0ms,T15,15,images/RFP1/B1_tile4_n239_T15.png,images/Halo/B1_tile4_n239_T15.png,images/RFP1_masked/B1_tile4_n239_T15.png,images/Halo_masked/B1_tile4_n239_T15.png,Control
B1_tile1_n230,B1,1,Control,0ms,T15,15,images/RFP1/B1_tile1_n230_T15.png,images/Halo/B1_tile1_n230_T15.png,images/RFP1_masked/B1_tile1_n230_T15.png,images/Halo_masked/B1_tile1_n230_T15.png,Control
B1_tile4_n191,B1,4,Control,0ms,T15,15,images/RFP1/B1_tile4_n191_T15.png,images/Halo/B1_tile4_n191_T15.png,images/RFP1_masked/B1_tile4_n191_T15.png,images/Halo_masked/B1_tile4_n191_T15.png,Control
B1_tile1_n364,B1,1,Control,0ms,T15,15,images/RFP1/B1_tile1_n364_T15.png,images/Halo/B1_tile1_n364_T15.png,images/RFP1_masked/B1_tile1_n364_T15.png,images/Halo_masked/B1_tile1_n364_T15.png,Control
B1_tile1_n31,B1,1,Control,0ms,T15,15,images/RFP1/B1_tile1_n31_T15.png,images/Halo/B1_tile1_n31_T15.png,images/RFP1_masked/B1_tile1_n31_T15.png,images/Halo_masked/B1_tile1_n31_T15.png,Control
B1_tile4_n43,B1,4,Control,0ms,T15,15,images/RFP1/B1_tile4_n43_T15.png,images/Halo/B1_tile4_n43_T15.png,images/RFP1_masked/B1_tile4_n43_T15.png,images/Halo_masked/B1_tile4_n43_T15.png,Control
B1_tile4_n116,B1,4,Control,0ms,T15,15,images/RFP1/B1_tile4_n116_T15.png,images/Halo/B1_tile4_n116_T15.png,images/RFP1_masked/B1_tile4_n116_T15.png,images/Halo_masked/B1_tile4_n116_T15.png,Control
B1_tile4_n184,B1,4,Control,0ms,T15,15,images/RFP1/B1_tile4_n184_T15.png,images/Halo/B1_tile4_n184_T15.png,images/RFP1_masked/B1_tile4_n184_T15.png,images/Halo_masked/B1_tile4_n184_T15.png,Control
B1_tile4_n1,B1,4,Control,0ms,T15,15,images/RFP1/B1_tile4_n1_T15.png,images/Halo/B1_tile4_n1_T15.png,images/RFP1_masked/B1_tile4_n1_T15.png,images/Halo_masked/B1_tile4_n1_T15.png,Control
B1_tile4_n89,B1,4,Control,0ms,T15,15,images/RFP1/B1_tile4_n89_T15.png,images/Halo/B1_tile4_n89_T15.png,images/RFP1_masked/B1_tile4_n89_T15.png,images/Halo_masked/B1_tile4_n89_T15.png,Control
B1_tile4_n98,B1,4,Control,0ms,T15,15,images/RFP1/B1_tile4_n98_T15.png,images/Halo/B1_tile4_n98_T15.png,images/RFP1_masked/B1_tile4_n98_T15.png,images/Halo_masked/B1_tile4_n98_T15.png,Control
B1_tile4_n260,B1,4,Control,0ms,T15,15,images/RFP1/B1_tile4_n260_T15.png,images/Halo/B1_tile4_n260_T15.png,images/RFP1_masked/B1_tile4_n260_T15.png,images/Halo_masked/B1_tile4_n260_T15.png,Control
B1_tile1_n351,B1,1,Control,0ms,T15,15,images/RFP1/B1_tile1_n351_T15.png,images/Halo/B1_tile1_n351_T15.png,images/RFP1_masked/B1_tile1_n351_T15.png,images/Halo_masked/B1_tile1_n351_T15.png,Control
B1_tile1_n24,B1,1,Control,0ms,T15,15,images/RFP1/B1_tile1_n24_T15.png,images/Halo/B1_tile1_n24_T15.png,images/RFP1_masked/B1_tile1_n24_T15.png,images/Halo_masked/B1_tile1_n24_T15.png,Control
B1_tile1_n99,B1,1,Control,0ms,T15,15,images/RFP1/B1_tile1_n99_T15.png,images/Halo/B1_tile1_n99_T15.png,images/RFP1_masked/B1_tile1_n99_T15.png,images/Halo_masked/B1_tile1_n99_T15.png,Control
B1_tile4_n169,B1,4,Control,0ms,T15,15,images/RFP1/B1_tile4_n169_T15.png,images/Halo/B1_tile4_n169_T15.png,images/RFP1_masked/B1_tile4_n169_T15.png,images/Halo_masked/B1_tile4_n169_T15.png,Control
B1_tile4_n53,B1,4,Control,0ms,T15,15,images/RFP1/B1_tile4_n53_T15.png,images/Halo/B1_tile4_n53_T15.png,images/RFP1_masked/B1_tile4_n53_T15.png,images/Halo_masked/B1_tile4_n53_T15.png,Control
B1_tile1_n251,B1,1,Control,0ms,T15,15,images/RFP1/B1_tile1_n251_T15.png,images/Halo/B1_tile1_n251_T15.png,images/RFP1_masked/B1_tile1_n251_T15.png,images/Halo_masked/B1_tile1_n251_T15.png,Control
B1_tile4_n178,B1,4,Control,0ms,T15,15,images/RFP1/B1_tile4_n178_T15.png,images/Halo/B1_tile4_n178_T15.png,images/RFP1_masked/B1_tile4_n178_T15.png,images/Halo_masked/B1_tile4_n178_T15.png,Control
B1_tile4_n8,B1,4,Control,0ms,T15,15,images/RFP1/B1_tile4_n8_T15.png,images/Halo/B1_tile4_n8_T15.png,images/RFP1_masked/B1_tile4_n8_T15.png,images/Halo_masked/B1_tile4_n8_T15.png,Control
B1_tile1_n407,B1,1,Control,0ms,T15,15,images/RFP1/B1_tile1_n407_T15.png,images/Halo/B1_tile1_n407_T15.png,images/RFP1_masked/B1_tile1_n407_T15.png,images/Halo_masked/B1_tile1_n407_T15.png,Control
B1_tile1_n45,B1,1,Control,0ms,T15,15,images/RFP1/B1_tile1_n45_T15.png,images/Halo/B1_tile1_n45_T15.png,images/RFP1_masked/B1_tile1_n45_T15.png,images/Halo_masked/B1_tile1_n45_T15.png,Control
B1_tile1_n28,B1,1,Control,0ms,T15,15,images/RFP1/B1_tile1_n28_T15.png,images/Halo/B1_tile1_n28_T15.png,images/RFP1_masked/B1_tile1_n28_T15.png,images/Halo_masked/B1_tile1_n28_T15.png,Control
B1_tile1_n21,B1,1,Control,0ms,T15,15,images/RFP1/B1_tile1_n21_T15.png,images/Halo/B1_tile1_n21_T15.png,images/RFP1_masked/B1_tile1_n21_T15.png,images/Halo_masked/B1_tile1_n21_T15.png,Control
B1_tile4_n55,B1,4,Control,0ms,T15,15,images/RFP1/B1_tile4_n55_T15.png,images/Halo/B1_tile4_n55_T15.png,images/RFP1_masked/B1_tile4_n55_T15.png,images/Halo_masked/B1_tile4_n55_T15.png,Control
B1_tile4_n164,B1,4,Control,0ms,T15,15,images/RFP1/B1_tile4_n164_T15.png,images/Halo/B1_tile4_n164_T15.png,images/RFP1_masked/B1_tile4_n164_T15.png,images/Halo_masked/B1_tile4_n164_T15.png,Control
B1_tile4_n32,B1,4,Control,0ms,T15,15,images/RFP1/B1_tile4_n32_T15.png,images/Halo/B1_tile4_n32_T15.png,images/RFP1_masked/B1_tile4_n32_T15.png,images/Halo_masked/B1_tile4_n32_T15.png,Control
B1_tile4_n38,B1,4,Control,0ms,T15,15,images/RFP1/B1_tile4_n38_T15.png,images/Halo/B1_tile4_n38_T15.png,images/RFP1_masked/B1_tile4_n38_T15.png,images/Halo_masked/B1_tile4_n38_T15.png,Control
B1_tile4_n318,B1,4,Control,0ms,T15,15,images/RFP1/B1_tile4_n318_T15.png,images/Halo/B1_tile4_n318_T15.png,images/RFP1_masked/B1_tile4_n318_T15.png,images/Halo_masked/B1_tile4_n318_T15.png,Control
B1_tile1_n276,B1,1,Control,0ms,T15,15,images/RFP1/B1_tile1_n276_T15.png,images/Halo/B1_tile1_n276_T15.png,images/RFP1_masked/B1_tile1_n276_T15.png,images/Halo_masked/B1_tile1_n276_T15.png,Control
B1_tile4_n328,B1,4,Control,0ms,T15,15,images/RFP1/B1_tile4_n328_T15.png,images/Halo/B1_tile4_n328_T15.png,images/RFP1_masked/B1_tile4_n328_T15.png,images/Halo_masked/B1_tile4_n328_T15.png,Control
B1_tile4_n75,B1,4,Control,0ms,T15,15,images/RFP1/B1_tile4_n75_T15.png,images/Halo/B1_tile4_n75_T15.png,images/RFP1_masked/B1_tile4_n75_T15.png,images/Halo_masked/B1_tile4_n75_T15.png,Control
B1_tile1_n8,B1,1,Control,0ms,T15,15,images/RFP1/B1_tile1_n8_T15.png,images/Halo/B1_tile1_n8_T15.png,images/RFP1_masked/B1_tile1_n8_T15.png,images/Halo_masked/B1_tile1_n8_T15.png,Control
B1_tile4_n332,B1,4,Control,0ms,T15,15,images/RFP1/B1_tile4_n332_T15.png,images/Halo/B1_tile4_n332_T15.png,images/RFP1_masked/B1_tile4_n332_T15.png,images/Halo_masked/B1_tile4_n332_T15.png,Control
B1_tile4_n345,B1,4,Control,0ms,T15,15,images/RFP1/B1_tile4_n345_T15.png,images/Halo/B1_tile4_n345_T15.png,images/RFP1_masked/B1_tile4_n345_T15.png,images/Halo_masked/B1_tile4_n345_T15.png,Control
B1_tile4_n14,B1,4,Control,0ms,T15,15,images/RFP1/B1_tile4_n14_T15.png,images/Halo/B1_tile4_n14_T15.png,images/RFP1_masked/B1_tile4_n14_T15.png,images/Halo_masked/B1_tile4_n14_T15.png,Control
B1_tile4_n83,B1,4,Control,0ms,T15,15,images/RFP1/B1_tile4_n83_T15.png,images/Halo/B1_tile4_n83_T15.png,images/RFP1_masked/B1_tile4_n83_T15.png,images/Halo_masked/B1_tile4_n83_T15.png,Control
B1_tile4_n5,B1,4,Control,0ms,T15,15,images/RFP1/B1_tile4_n5_T15.png,images/Halo/B1_tile4_n5_T15.png,images/RFP1_masked/B1_tile4_n5_T15.png,images/Halo_masked/B1_tile4_n5_T15.png,Control
B1_tile4_n334,B1,4,Control,0ms,T15,15,images/RFP1/B1_tile4_n334_T15.png,images/Halo/B1_tile4_n334_T15.png,images/RFP1_masked/B1_tile4_n334_T15.png,images/Halo_masked/B1_tile4_n334_T15.png,Control
B1_tile4_n49,B1,4,Control,0ms,T15,15,images/RFP1/B1_tile4_n49_T15.png,images/Halo/B1_tile4_n49_T15.png,images/RFP1_masked/B1_tile4_n49_T15.png,images/Halo_masked/B1_tile4_n49_T15.png,Control
B1_tile4_n158,B1,4,Control,0ms,T15,15,images/RFP1/B1_tile4_n158_T15.png,images/Halo/B1_tile4_n158_T15.png,images/RFP1_masked/B1_tile4_n158_T15.png,images/Halo_masked/B1_tile4_n158_T15.png,Control
B1_tile4_n310,B1,4,Control,0ms,T15,15,images/RFP1/B1_tile4_n310_T15.png,images/Halo/B1_tile4_n310_T15.png,images/RFP1_masked/B1_tile4_n310_T15.png,images/Halo_masked/B1_tile4_n310_T15.png,Control
B1_tile4_n351,B1,4,Control,0ms,T15,15,images/RFP1/B1_tile4_n351_T15.png,images/Halo/B1_tile4_n351_T15.png,images/RFP1_masked/B1_tile4_n351_T15.png,images/Halo_masked/B1_tile4_n351_T15.png,Control
B1_tile4_n122,B1,4,Control,0ms,T15,15,images/RFP1/B1_tile4_n122_T15.png,images/Halo/B1_tile4_n122_T15.png,images/RFP1_masked/B1_tile4_n122_T15.png,images/Halo_masked/B1_tile4_n122_T15.png,Control
B1_tile1_n170,B1,1,Control,0ms,T15,15,images/RFP1/B1_tile1_n170_T15.png,images/Halo/B1_tile1_n170_T15.png,images/RFP1_masked/B1_tile1_n170_T15.png,images/Halo_masked/B1_tile1_n170_T15.png,Control
B1_tile4_n33,B1,4,Control,0ms,T15,15,images/RFP1/B1_tile4_n33_T15.png,images/Halo/B1_tile4_n33_T15.png,images/RFP1_masked/B1_tile4_n33_T15.png,images/Halo_masked/B1_tile4_n33_T15.png,Control
B1_tile4_n325,B1,4,Control,0ms,T15,15,images/RFP1/B1_tile4_n325_T15.png,images/Halo/B1_tile4_n325_T15.png,images/RFP1_masked/B1_tile4_n325_T15.png,images/Halo_masked/B1_tile4_n325_T15.png,Control
B2_tile1_n195,B2,1,Control,0ms,T15,15,images/RFP1/B2_tile1_n195_T15.png,images/Halo/B2_tile1_n195_T15.png,images/RFP1_masked/B2_tile1_n195_T15.png,images/Halo_masked/B2_tile1_n195_T15.png,Control
B2_tile1_n382,B2,1,Control,0ms,T15,15,images/RFP1/B2_tile1_n382_T15.png,images/Halo/B2_tile1_n382_T15.png,images/RFP1_masked/B2_tile1_n382_T15.png,images/Halo_masked/B2_tile1_n382_T15.png,Control
B2_tile1_n352,B2,1,Control,0ms,T15,15,images/RFP1/B2_tile1_n352_T15.png,images/Halo/B2_tile1_n352_T15.png,images/RFP1_masked/B2_tile1_n352_T15.png,images/Halo_masked/B2_tile1_n352_T15.png,Control
B2_tile4_n193,B2,4,Control,0ms,T15,15,images/RFP1/B2_tile4_n193_T15.png,images/Halo/B2_tile4_n193_T15.png,images/RFP1_masked/B2_tile4_n193_T15.png,images/Halo_masked/B2_tile4_n193_T15.png,Control
B2_tile1_n203,B2,1,Control,0ms,T15,15,images/RFP1/B2_tile1_n203_T15.png,images/Halo/B2_tile1_n203_T15.png,images/RFP1_masked/B2_tile1_n203_T15.png,images/Halo_masked/B2_tile1_n203_T15.png,Control
B2_tile4_n263,B2,4,Control,0ms,T15,15,images/RFP1/B2_tile4_n263_T15.png,images/Halo/B2_tile4_n263_T15.png,images/RFP1_masked/B2_tile4_n263_T15.png,images/Halo_masked/B2_tile4_n263_T15.png,Control
B2_tile4_n243,B2,4,Control,0ms,T15,15,images/RFP1/B2_tile4_n243_T15.png,images/Halo/B2_tile4_n243_T15.png,images/RFP1_masked/B2_tile4_n243_T15.png,images/Halo_masked/B2_tile4_n243_T15.png,Control
B2_tile4_n60,B2,4,Control,0ms,T15,15,images/RFP1/B2_tile4_n60_T15.png,images/Halo/B2_tile4_n60_T15.png,images/RFP1_masked/B2_tile4_n60_T15.png,images/Halo_masked/B2_tile4_n60_T15.png,Control
B2_tile1_n279,B2,1,Control,0ms,T15,15,images/RFP1/B2_tile1_n279_T15.png,images/Halo/B2_tile1_n279_T15.png,images/RFP1_masked/B2_tile1_n279_T15.png,images/Halo_masked/B2_tile1_n279_T15.png,Control
B2_tile1_n319,B2,1,Control,0ms,T15,15,images/RFP1/B2_tile1_n319_T15.png,images/Halo/B2_tile1_n319_T15.png,images/RFP1_masked/B2_tile1_n319_T15.png,images/Halo_masked/B2_tile1_n319_T15.png,Control
B2_tile1_n150,B2,1,Control,0ms,T15,15,images/RFP1/B2_tile1_n150_T15.png,images/Halo/B2_tile1_n150_T15.png,images/RFP1_masked/B2_tile1_n150_T15.png,images/Halo_masked/B2_tile1_n150_T15.png,Control
B2_tile4_n39,B2,4,Control,0ms,T15,15,images/RFP1/B2_tile4_n39_T15.png,images/Halo/B2_tile4_n39_T15.png,images/RFP1_masked/B2_tile4_n39_T15.png,images/Halo_masked/B2_tile4_n39_T15.png,Control
B2_tile1_n18,B2,1,Control,0ms,T15,15,images/RFP1/B2_tile1_n18_T15.png,images/Halo/B2_tile1_n18_T15.png,images/RFP1_masked/B2_tile1_n18_T15.png,images/Halo_masked/B2_tile1_n18_T15.png,Control
B2_tile4_n44,B2,4,Control,0ms,T15,15,images/RFP1/B2_tile4_n44_T15.png,images/Halo/B2_tile4_n44_T15.png,images/RFP1_masked/B2_tile4_n44_T15.png,images/Halo_masked/B2_tile4_n44_T15.png,Control
B2_tile1_n176,B2,1,Control,0ms,T15,15,images/RFP1/B2_tile1_n176_T15.png,images/Halo/B2_tile1_n176_T15.png,images/RFP1_masked/B2_tile1_n176_T15.png,images/Halo_masked/B2_tile1_n176_T15.png,Control
B2_tile1_n207,B2,1,Control,0ms,T15,15,images/RFP1/B2_tile1_n207_T15.png,images/Halo/B2_tile1_n207_T15.png,images/RFP1_masked/B2_tile1_n207_T15.png,images/Halo_masked/B2_tile1_n207_T15.png,Control
B2_tile4_n270,B2,4,Control,0ms,T15,15,images/RFP1/B2_tile4_n270_T15.png,images/Halo/B2_tile4_n270_T15.png,images/RFP1_masked/B2_tile4_n270_T15.png,images/Halo_masked/B2_tile4_n270_T15.png,Control
B2_tile1_n149,B2,1,Control,0ms,T15,15,images/RFP1/B2_tile1_n149_T15.png,images/Halo/B2_tile1_n149_T15.png,images/RFP1_masked/B2_tile1_n149_T15.png,images/Halo_masked/B2_tile1_n149_T15.png,Control
B2_tile4_n84,B2,4,Control,0ms,T15,15,images/RFP1/B2_tile4_n84_T15.png,images/Halo/B2_tile4_n84_T15.png,images/RFP1_masked/B2_tile4_n84_T15.png,images/Halo_masked/B2_tile4_n84_T15.png,Control
B2_tile4_n207,B2,4,Control,0ms,T15,15,images/RFP1/B2_tile4_n207_T15.png,images/Halo/B2_tile4_n207_T15.png,images/RFP1_masked/B2_tile4_n207_T15.png,images/Halo_masked/B2_tile4_n207_T15.png,Control
B2_tile1_n344,B2,1,Control,0ms,T15,15,images/RFP1/B2_tile1_n344_T15.png,images/Halo/B2_tile1_n344_T15.png,images/RFP1_masked/B2_tile1_n344_T15.png,images/Halo_masked/B2_tile1_n344_T15.png,Control
B2_tile1_n64,B2,1,Control,0ms,T15,15,images/RFP1/B2_tile1_n64_T15.png,images/Halo/B2_tile1_n64_T15.png,images/RFP1_masked/B2_tile1_n64_T15.png,images/Halo_masked/B2_tile1_n64_T15.png,Control
B2_tile4_n267,B2,4,Control,0ms,T15,15,images/RFP1/B2_tile4_n267_T15.png,images/Halo/B2_tile4_n267_T15.png,images/RFP1_masked/B2_tile4_n267_T15.png,images/Halo_masked/B2_tile4_n267_T15.png,Control
B2_tile4_n177,B2,4,Control,0ms,T15,15,images/RFP1/B2_tile4_n177_T15.png,images/Halo/B2_tile4_n177_T15.png,images/RFP1_masked/B2_tile4_n177_T15.png,images/Halo_masked/B2_tile4_n177_T15.png,Control
B2_tile4_n128,B2,4,Control,0ms,T15,15,images/RFP1/B2_tile4_n128_T15.png,images/Halo/B2_tile4_n128_T15.png,images/RFP1_masked/B2_tile4_n128_T15.png,images/Halo_masked/B2_tile4_n128_T15.png,Control
B2_tile4_n25,B2,4,Control,0ms,T15,15,images/RFP1/B2_tile4_n25_T15.png,images/Halo/B2_tile4_n25_T15.png,images/RFP1_masked/B2_tile4_n25_T15.png,images/Halo_masked/B2_tile4_n25_T15.png,Control
B2_tile4_n91,B2,4,Control,0ms,T15,15,images/RFP1/B2_tile4_n91_T15.png,images/Halo/B2_tile4_n91_T15.png,images/RFP1_masked/B2_tile4_n91_T15.png,images/Halo_masked/B2_tile4_n91_T15.png,Control
B2_tile4_n30,B2,4,Control,0ms,T15,15,images/RFP1/B2_tile4_n30_T15.png,images/Halo/B2_tile4_n30_T15.png,images/RFP1_masked/B2_tile4_n30_T15.png,images/Halo_masked/B2_tile4_n30_T15.png,Control
B2_tile1_n81,B2,1,Control,0ms,T15,15,images/RFP1/B2_tile1_n81_T15.png,images/Halo/B2_tile1_n81_T15.png,images/RFP1_masked/B2_tile1_n81_T15.png,images/Halo_masked/B2_tile1_n81_T15.png,Control
B2_tile1_n322,B2,1,Control,0ms,T15,15,images/RFP1/B2_tile1_n322_T15.png,images/Halo/B2_tile1_n322_T15.png,images/RFP1_masked/B2_tile1_n322_T15.png,images/Halo_masked/B2_tile1_n322_T15.png,Control
B2_tile4_n80,B2,4,Control,0ms,T15,15,images/RFP1/B2_tile4_n80_T15.png,images/Halo/B2_tile4_n80_T15.png,images/RFP1_masked/B2_tile4_n80_T15.png,images/Halo_masked/B2_tile4_n80_T15.png,Control
B2_tile4_n271,B2,4,Control,0ms,T15,15,images/RFP1/B2_tile4_n271_T15.png,images/Halo/B2_tile4_n271_T15.png,images/RFP1_masked/B2_tile4_n271_T15.png,images/Halo_masked/B2_tile4_n271_T15.png,Control
B2_tile4_n61,B2,4,Control,0ms,T15,15,images/RFP1/B2_tile4_n61_T15.png,images/Halo/B2_tile4_n61_T15.png,images/RFP1_masked/B2_tile4_n61_T15.png,images/Halo_masked/B2_tile4_n61_T15.png,Control
B2_tile4_n179,B2,4,Control,0ms,T15,15,images/RFP1/B2_tile4_n179_T15.png,images/Halo/B2_tile4_n179_T15.png,images/RFP1_masked/B2_tile4_n179_T15.png,images/Halo_masked/B2_tile4_n179_T15.png,Control
B2_tile4_n269,B2,4,Control,0ms,T15,15,images/RFP1/B2_tile4_n269_T15.png,images/Halo/B2_tile4_n269_T15.png,images/RFP1_masked/B2_tile4_n269_T15.png,images/Halo_masked/B2_tile4_n269_T15.png,Control
B2_tile4_n198,B2,4,Control,0ms,T15,15,images/RFP1/B2_tile4_n198_T15.png,images/Halo/B2_tile4_n198_T15.png,images/RFP1_masked/B2_tile4_n198_T15.png,images/Halo_masked/B2_tile4_n198_T15.png,Control
B2_tile4_n224,B2,4,Control,0ms,T15,15,images/RFP1/B2_tile4_n224_T15.png,images/Halo/B2_tile4_n224_T15.png,images/RFP1_masked/B2_tile4_n224_T15.png,images/Halo_masked/B2_tile4_n224_T15.png,Control
B2_tile4_n105,B2,4,Control,0ms,T15,15,images/RFP1/B2_tile4_n105_T15.png,images/Halo/B2_tile4_n105_T15.png,images/RFP1_masked/B2_tile4_n105_T15.png,images/Halo_masked/B2_tile4_n105_T15.png,Control
B2_tile4_n56,B2,4,Control,0ms,T15,15,images/RFP1/B2_tile4_n56_T15.png,images/Halo/B2_tile4_n56_T15.png,images/RFP1_masked/B2_tile4_n56_T15.png,images/Halo_masked/B2_tile4_n56_T15.png,Control
B2_tile4_n114,B2,4,Control,0ms,T15,15,images/RFP1/B2_tile4_n114_T15.png,images/Halo/B2_tile4_n114_T15.png,images/RFP1_masked/B2_tile4_n114_T15.png,images/Halo_masked/B2_tile4_n114_T15.png,Control
B2_tile1_n53,B2,1,Control,0ms,T15,15,images/RFP1/B2_tile1_n53_T15.png,images/Halo/B2_tile1_n53_T15.png,images/RFP1_masked/B2_tile1_n53_T15.png,images/Halo_masked/B2_tile1_n53_T15.png,Control
B2_tile4_n81,B2,4,Control,0ms,T15,15,images/RFP1/B2_tile4_n81_T15.png,images/Halo/B2_tile4_n81_T15.png,images/RFP1_masked/B2_tile4_n81_T15.png,images/Halo_masked/B2_tile4_n81_T15.png,Control
B2_tile1_n218,B2,1,Control,0ms,T15,15,images/RFP1/B2_tile1_n218_T15.png,images/Halo/B2_tile1_n218_T15.png,images/RFP1_masked/B2_tile1_n218_T15.png,images/Halo_masked/B2_tile1_n218_T15.png,Control
B2_tile1_n241,B2,1,Control,0ms,T15,15,images/RFP1/B2_tile1_n241_T15.png,images/Halo/B2_tile1_n241_T15.png,images/RFP1_masked/B2_tile1_n241_T15.png,images/Halo_masked/B2_tile1_n241_T15.png,Control
B2_tile4_n26,B2,4,Control,0ms,T15,15,images/RFP1/B2_tile4_n26_T15.png,images/Halo/B2_tile4_n26_T15.png,images/RFP1_masked/B2_tile4_n26_T15.png,images/Halo_masked/B2_tile4_n26_T15.png,Control
B2_tile1_n89,B2,1,Control,0ms,T15,15,images/RFP1/B2_tile1_n89_T15.png,images/Halo/B2_tile1_n89_T15.png,images/RFP1_masked/B2_tile1_n89_T15.png,images/Halo_masked/B2_tile1_n89_T15.png,Control
B2_tile4_n187,B2,4,Control,0ms,T15,15,images/RFP1/B2_tile4_n187_T15.png,images/Halo/B2_tile4_n187_T15.png,images/RFP1_masked/B2_tile4_n187_T15.png,images/Halo_masked/B2_tile4_n187_T15.png,Control
B2_tile4_n210,B2,4,Control,0ms,T15,15,images/RFP1/B2_tile4_n210_T15.png,images/Halo/B2_tile4_n210_T15.png,images/RFP1_masked/B2_tile4_n210_T15.png,images/Halo_masked/B2_tile4_n210_T15.png,Control
B2_tile1_n243,B2,1,Control,0ms,T15,15,images/RFP1/B2_tile1_n243_T15.png,images/Halo/B2_tile1_n243_T15.png,images/RFP1_masked/B2_tile1_n243_T15.png,images/Halo_masked/B2_tile1_n243_T15.png,Control
B2_tile4_n1,B2,4,Control,0ms,T15,15,images/RFP1/B2_tile4_n1_T15.png,images/Halo/B2_tile4_n1_T15.png,images/RFP1_masked/B2_tile4_n1_T15.png,images/Halo_masked/B2_tile4_n1_T15.png,Control
B2_tile4_n213,B2,4,Control,0ms,T15,15,images/RFP1/B2_tile4_n213_T15.png,images/Halo/B2_tile4_n213_T15.png,images/RFP1_masked/B2_tile4_n213_T15.png,images/Halo_masked/B2_tile4_n213_T15.png,Control
B2_tile4_n250,B2,4,Control,0ms,T15,15,images/RFP1/B2_tile4_n250_T15.png,images/Halo/B2_tile4_n250_T15.png,images/RFP1_masked/B2_tile4_n250_T15.png,images/Halo_masked/B2_tile4_n250_T15.png,Control
B2_tile1_n182,B2,1,Control,0ms,T15,15,images/RFP1/B2_tile1_n182_T15.png,images/Halo/B2_tile1_n182_T15.png,images/RFP1_masked/B2_tile1_n182_T15.png,images/Halo_masked/B2_tile1_n182_T15.png,Control
B2_tile1_n119,B2,1,Control,0ms,T15,15,images/RFP1/B2_tile1_n119_T15.png,images/Halo/B2_tile1_n119_T15.png,images/RFP1_masked/B2_tile1_n119_T15.png,images/Halo_masked/B2_tile1_n119_T15.png,Control
B2_tile4_n238,B2,4,Control,0ms,T15,15,images/RFP1/B2_tile4_n238_T15.png,images/Halo/B2_tile4_n238_T15.png,images/RFP1_masked/B2_tile4_n238_T15.png,images/Halo_masked/B2_tile4_n238_T15.png,Control
B2_tile1_n230,B2,1,Control,0ms,T15,15,images/RFP1/B2_tile1_n230_T15.png,images/Halo/B2_tile1_n230_T15.png,images/RFP1_masked/B2_tile1_n230_T15.png,images/Halo_masked/B2_tile1_n230_T15.png,Control
B2_tile1_n66,B2,1,Control,0ms,T15,15,images/RFP1/B2_tile1_n66_T15.png,images/Halo/B2_tile1_n66_T15.png,images/RFP1_masked/B2_tile1_n66_T15.png,images/Halo_masked/B2_tile1_n66_T15.png,Control
B2_tile1_n161,B2,1,Control,0ms,T15,15,images/RFP1/B2_tile1_n161_T15.png,images/Halo/B2_tile1_n161_T15.png,images/RFP1_masked/B2_tile1_n161_T15.png,images/Halo_masked/B2_tile1_n161_T15.png,Control
B2_tile1_n255,B2,1,Control,0ms,T15,15,images/RFP1/B2_tile1_n255_T15.png,images/Halo/B2_tile1_n255_T15.png,images/RFP1_masked/B2_tile1_n255_T15.png,images/Halo_masked/B2_tile1_n255_T15.png,Control
B2_tile1_n379,B2,1,Control,0ms,T15,15,images/RFP1/B2_tile1_n379_T15.png,images/Halo/B2_tile1_n379_T15.png,images/RFP1_masked/B2_tile1_n379_T15.png,images/Halo_masked/B2_tile1_n379_T15.png,Control
B2_tile1_n185,B2,1,Control,0ms,T15,15,images/RFP1/B2_tile1_n185_T15.png,images/Halo/B2_tile1_n185_T15.png,images/RFP1_masked/B2_tile1_n185_T15.png,images/Halo_masked/B2_tile1_n185_T15.png,Control
B2_tile4_n43,B2,4,Control,0ms,T15,15,images/RFP1/B2_tile4_n43_T15.png,images/Halo/B2_tile4_n43_T15.png,images/RFP1_masked/B2_tile4_n43_T15.png,images/Halo_masked/B2_tile4_n43_T15.png,Control
B2_tile4_n235,B2,4,Control,0ms,T15,15,images/RFP1/B2_tile4_n235_T15.png,images/Halo/B2_tile4_n235_T15.png,images/RFP1_masked/B2_tile4_n235_T15.png,images/Halo_masked/B2_tile4_n235_T15.png,Control
B2_tile4_n31,B2,4,Control,0ms,T15,15,images/RFP1/B2_tile4_n31_T15.png,images/Halo/B2_tile4_n31_T15.png,images/RFP1_masked/B2_tile4_n31_T15.png,images/Halo_masked/B2_tile4_n31_T15.png,Control
B2_tile4_n113,B2,4,Control,0ms,T15,15,images/RFP1/B2_tile4_n113_T15.png,images/Halo/B2_tile4_n113_T15.png,images/RFP1_masked/B2_tile4_n113_T15.png,images/Halo_masked/B2_tile4_n113_T15.png,Control
B2_tile4_n15,B2,4,Control,0ms,T15,15,images/RFP1/B2_tile4_n15_T15.png,images/Halo/B2_tile4_n15_T15.png,images/RFP1_masked/B2_tile4_n15_T15.png,images/Halo_masked/B2_tile4_n15_T15.png,Control
B2_tile1_n356,B2,1,Control,0ms,T15,15,images/RFP1/B2_tile1_n356_T15.png,images/Halo/B2_tile1_n356_T15.png,images/RFP1_masked/B2_tile1_n356_T15.png,images/Halo_masked/B2_tile1_n356_T15.png,Control
B2_tile4_n121,B2,4,Control,0ms,T15,15,images/RFP1/B2_tile4_n121_T15.png,images/Halo/B2_tile4_n121_T15.png,images/RFP1_masked/B2_tile4_n121_T15.png,images/Halo_masked/B2_tile4_n121_T15.png,Control
B2_tile1_n372,B2,1,Control,0ms,T15,15,images/RFP1/B2_tile1_n372_T15.png,images/Halo/B2_tile1_n372_T15.png,images/RFP1_masked/B2_tile1_n372_T15.png,images/Halo_masked/B2_tile1_n372_T15.png,Control
B2_tile1_n367,B2,1,Control,0ms,T15,15,images/RFP1/B2_tile1_n367_T15.png,images/Halo/B2_tile1_n367_T15.png,images/RFP1_masked/B2_tile1_n367_T15.png,images/Halo_masked/B2_tile1_n367_T15.png,Control
B2_tile1_n160,B2,1,Control,0ms,T15,15,images/RFP1/B2_tile1_n160_T15.png,images/Halo/B2_tile1_n160_T15.png,images/RFP1_masked/B2_tile1_n160_T15.png,images/Halo_masked/B2_tile1_n160_T15.png,Control
B2_tile4_n214,B2,4,Control,0ms,T15,15,images/RFP1/B2_tile4_n214_T15.png,images/Halo/B2_tile4_n214_T15.png,images/RFP1_masked/B2_tile4_n214_T15.png,images/Halo_masked/B2_tile4_n214_T15.png,Control
B2_tile4_n6,B2,4,Control,0ms,T15,15,images/RFP1/B2_tile4_n6_T15.png,images/Halo/B2_tile4_n6_T15.png,images/RFP1_masked/B2_tile4_n6_T15.png,images/Halo_masked/B2_tile4_n6_T15.png,Control
B2_tile4_n146,B2,4,Control,0ms,T15,15,images/RFP1/B2_tile4_n146_T15.png,images/Halo/B2_tile4_n146_T15.png,images/RFP1_masked/B2_tile4_n146_T15.png,images/Halo_masked/B2_tile4_n146_T15.png,Control
B2_tile4_n148,B2,4,Control,0ms,T15,15,images/RFP1/B2_tile4_n148_T15.png,images/Halo/B2_tile4_n148_T15.png,images/RFP1_masked/B2_tile4_n148_T15.png,images/Halo_masked/B2_tile4_n148_T15.png,Control
B2_tile4_n156,B2,4,Control,0ms,T15,15,images/RFP1/B2_tile4_n156_T15.png,images/Halo/B2_tile4_n156_T15.png,images/RFP1_masked/B2_tile4_n156_T15.png,images/Halo_masked/B2_tile4_n156_T15.png,Control
B2_tile1_n219,B2,1,Control,0ms,T15,15,images/RFP1/B2_tile1_n219_T15.png,images/Halo/B2_tile1_n219_T15.png,images/RFP1_masked/B2_tile1_n219_T15.png,images/Halo_masked/B2_tile1_n219_T15.png,Control
B2_tile4_n265,B2,4,Control,0ms,T15,15,images/RFP1/B2_tile4_n265_T15.png,images/Halo/B2_tile4_n265_T15.png,images/RFP1_masked/B2_tile4_n265_T15.png,images/Halo_masked/B2_tile4_n265_T15.png,Control
B2_tile1_n253,B2,1,Control,0ms,T15,15,images/RFP1/B2_tile1_n253_T15.png,images/Halo/B2_tile1_n253_T15.png,images/RFP1_masked/B2_tile1_n253_T15.png,images/Halo_masked/B2_tile1_n253_T15.png,Control
B3_tile4_n114,B3,4,Control,0ms,T15,15,images/RFP1/B3_tile4_n114_T15.png,images/Halo/B3_tile4_n114_T15.png,images/RFP1_masked/B3_tile4_n114_T15.png,images/Halo_masked/B3_tile4_n114_T15.png,Control
B3_tile4_n359,B3,4,Control,0ms,T15,15,images/RFP1/B3_tile4_n359_T15.png,images/Halo/B3_tile4_n359_T15.png,images/RFP1_masked/B3_tile4_n359_T15.png,images/Halo_masked/B3_tile4_n359_T15.png,Control
B3_tile4_n158,B3,4,Control,0ms,T15,15,images/RFP1/B3_tile4_n158_T15.png,images/Halo/B3_tile4_n158_T15.png,images/RFP1_masked/B3_tile4_n158_T15.png,images/Halo_masked/B3_tile4_n158_T15.png,Control
B3_tile1_n428,B3,1,Control,0ms,T15,15,images/RFP1/B3_tile1_n428_T15.png,images/Halo/B3_tile1_n428_T15.png,images/RFP1_masked/B3_tile1_n428_T15.png,images/Halo_masked/B3_tile1_n428_T15.png,Control
B3_tile1_n213,B3,1,Control,0ms,T15,15,images/RFP1/B3_tile1_n213_T15.png,images/Halo/B3_tile1_n213_T15.png,images/RFP1_masked/B3_tile1_n213_T15.png,images/Halo_masked/B3_tile1_n213_T15.png,Control
B3_tile4_n14,B3,4,Control,0ms,T15,15,images/RFP1/B3_tile4_n14_T15.png,images/Halo/B3_tile4_n14_T15.png,images/RFP1_masked/B3_tile4_n14_T15.png,images/Halo_masked/B3_tile4_n14_T15.png,Control
B3_tile4_n51,B3,4,Control,0ms,T15,15,images/RFP1/B3_tile4_n51_T15.png,images/Halo/B3_tile4_n51_T15.png,images/RFP1_masked/B3_tile4_n51_T15.png,images/Halo_masked/B3_tile4_n51_T15.png,Control
B3_tile1_n311,B3,1,Control,0ms,T15,15,images/RFP1/B3_tile1_n311_T15.png,images/Halo/B3_tile1_n311_T15.png,images/RFP1_masked/B3_tile1_n311_T15.png,images/Halo_masked/B3_tile1_n311_T15.png,Control
B3_tile4_n335,B3,4,Control,0ms,T15,15,images/RFP1/B3_tile4_n335_T15.png,images/Halo/B3_tile4_n335_T15.png,images/RFP1_masked/B3_tile4_n335_T15.png,images/Halo_masked/B3_tile4_n335_T15.png,Control
B3_tile1_n114,B3,1,Control,0ms,T15,15,images/RFP1/B3_tile1_n114_T15.png,images/Halo/B3_tile1_n114_T15.png,images/RFP1_masked/B3_tile1_n114_T15.png,images/Halo_masked/B3_tile1_n114_T15.png,Control
B3_tile4_n180,B3,4,Control,0ms,T15,15,images/RFP1/B3_tile4_n180_T15.png,images/Halo/B3_tile4_n180_T15.png,images/RFP1_masked/B3_tile4_n180_T15.png,images/Halo_masked/B3_tile4_n180_T15.png,Control
B3_tile1_n94,B3,1,Control,0ms,T15,15,images/RFP1/B3_tile1_n94_T15.png,images/Halo/B3_tile1_n94_T15.png,images/RFP1_masked/B3_tile1_n94_T15.png,images/Halo_masked/B3_tile1_n94_T15.png,Control
B3_tile4_n9,B3,4,Control,0ms,T15,15,images/RFP1/B3_tile4_n9_T15.png,images/Halo/B3_tile4_n9_T15.png,images/RFP1_masked/B3_tile4_n9_T15.png,images/Halo_masked/B3_tile4_n9_T15.png,Control
B3_tile4_n241,B3,4,Control,0ms,T15,15,images/RFP1/B3_tile4_n241_T15.png,images/Halo/B3_tile4_n241_T15.png,images/RFP1_masked/B3_tile4_n241_T15.png,images/Halo_masked/B3_tile4_n241_T15.png,Control
B3_tile1_n80,B3,1,Control,0ms,T15,15,images/RFP1/B3_tile1_n80_T15.png,images/Halo/B3_tile1_n80_T15.png,images/RFP1_masked/B3_tile1_n80_T15.png,images/Halo_masked/B3_tile1_n80_T15.png,Control
B3_tile1_n255,B3,1,Control,0ms,T15,15,images/RFP1/B3_tile1_n255_T15.png,images/Halo/B3_tile1_n255_T15.png,images/RFP1_masked/B3_tile1_n255_T15.png,images/Halo_masked/B3_tile1_n255_T15.png,Control
B3_tile4_n188,B3,4,Control,0ms,T15,15,images/RFP1/B3_tile4_n188_T15.png,images/Halo/B3_tile4_n188_T15.png,images/RFP1_masked/B3_tile4_n188_T15.png,images/Halo_masked/B3_tile4_n188_T15.png,Control
B3_tile1_n1,B3,1,Control,0ms,T15,15,images/RFP1/B3_tile1_n1_T15.png,images/Halo/B3_tile1_n1_T15.png,images/RFP1_masked/B3_tile1_n1_T15.png,images/Halo_masked/B3_tile1_n1_T15.png,Control
B3_tile4_n287,B3,4,Control,0ms,T15,15,images/RFP1/B3_tile4_n287_T15.png,images/Halo/B3_tile4_n287_T15.png,images/RFP1_masked/B3_tile4_n287_T15.png,images/Halo_masked/B3_tile4_n287_T15.png,Control
B3_tile1_n364,B3,1,Control,0ms,T15,15,images/RFP1/B3_tile1_n364_T15.png,images/Halo/B3_tile1_n364_T15.png,images/RFP1_masked/B3_tile1_n364_T15.png,images/Halo_masked/B3_tile1_n364_T15.png,Control
B3_tile1_n126,B3,1,Control,0ms,T15,15,images/RFP1/B3_tile1_n126_T15.png,images/Halo/B3_tile1_n126_T15.png,images/RFP1_masked/B3_tile1_n126_T15.png,images/Halo_masked/B3_tile1_n126_T15.png,Control
B3_tile1_n174,B3,1,Control,0ms,T15,15,images/RFP1/B3_tile1_n174_T15.png,images/Halo/B3_tile1_n174_T15.png,images/RFP1_masked/B3_tile1_n174_T15.png,images/Halo_masked/B3_tile1_n174_T15.png,Control
B3_tile4_n124,B3,4,Control,0ms,T15,15,images/RFP1/B3_tile4_n124_T15.png,images/Halo/B3_tile4_n124_T15.png,images/RFP1_masked/B3_tile4_n124_T15.png,images/Halo_masked/B3_tile4_n124_T15.png,Control
B3_tile4_n36,B3,4,Control,0ms,T15,15,images/RFP1/B3_tile4_n36_T15.png,images/Halo/B3_tile4_n36_T15.png,images/RFP1_masked/B3_tile4_n36_T15.png,images/Halo_masked/B3_tile4_n36_T15.png,Control
B3_tile4_n12,B3,4,Control,0ms,T15,15,images/RFP1/B3_tile4_n12_T15.png,images/Halo/B3_tile4_n12_T15.png,images/RFP1_masked/B3_tile4_n12_T15.png,images/Halo_masked/B3_tile4_n12_T15.png,Control
B3_tile4_n4,B3,4,Control,0ms,T15,15,images/RFP1/B3_tile4_n4_T15.png,images/Halo/B3_tile4_n4_T15.png,images/RFP1_masked/B3_tile4_n4_T15.png,images/Halo_masked/B3_tile4_n4_T15.png,Control
B3_tile4_n126,B3,4,Control,0ms,T15,15,images/RFP1/B3_tile4_n126_T15.png,images/Halo/B3_tile4_n126_T15.png,images/RFP1_masked/B3_tile4_n126_T15.png,images/Halo_masked/B3_tile4_n126_T15.png,Control
B3_tile4_n146,B3,4,Control,0ms,T15,15,images/RFP1/B3_tile4_n146_T15.png,images/Halo/B3_tile4_n146_T15.png,images/RFP1_masked/B3_tile4_n146_T15.png,images/Halo_masked/B3_tile4_n146_T15.png,Control
B3_tile1_n317,B3,1,Control,0ms,T15,15,images/RFP1/B3_tile1_n317_T15.png,images/Halo/B3_tile1_n317_T15.png,images/RFP1_masked/B3_tile1_n317_T15.png,images/Halo_masked/B3_tile1_n317_T15.png,Control
B3_tile4_n27,B3,4,Control,0ms,T15,15,images/RFP1/B3_tile4_n27_T15.png,images/Halo/B3_tile4_n27_T15.png,images/RFP1_masked/B3_tile4_n27_T15.png,images/Halo_masked/B3_tile4_n27_T15.png,Control
B3_tile1_n338,B3,1,Control,0ms,T15,15,images/RFP1/B3_tile1_n338_T15.png,images/Halo/B3_tile1_n338_T15.png,images/RFP1_masked/B3_tile1_n338_T15.png,images/Halo_masked/B3_tile1_n338_T15.png,Control
B3_tile1_n435,B3,1,Control,0ms,T15,15,images/RFP1/B3_tile1_n435_T15.png,images/Halo/B3_tile1_n435_T15.png,images/RFP1_masked/B3_tile1_n435_T15.png,images/Halo_masked/B3_tile1_n435_T15.png,Control
B3_tile4_n30,B3,4,Control,0ms,T15,15,images/RFP1/B3_tile4_n30_T15.png,images/Halo/B3_tile4_n30_T15.png,images/RFP1_masked/B3_tile4_n30_T15.png,images/Halo_masked/B3_tile4_n30_T15.png,Control
B3_tile4_n35,B3,4,Control,0ms,T15,15,images/RFP1/B3_tile4_n35_T15.png,images/Halo/B3_tile4_n35_T15.png,images/RFP1_masked/B3_tile4_n35_T15.png,images/Halo_masked/B3_tile4_n35_T15.png,Control
B3_tile4_n362,B3,4,Control,0ms,T15,15,images/RFP1/B3_tile4_n362_T15.png,images/Halo/B3_tile4_n362_T15.png,images/RFP1_masked/B3_tile4_n362_T15.png,images/Halo_masked/B3_tile4_n362_T15.png,Control
B3_tile4_n172,B3,4,Control,0ms,T15,15,images/RFP1/B3_tile4_n172_T15.png,images/Halo/B3_tile4_n172_T15.png,images/RFP1_masked/B3_tile4_n172_T15.png,images/Halo_masked/B3_tile4_n172_T15.png,Control
B3_tile4_n258,B3,4,Control,0ms,T15,15,images/RFP1/B3_tile4_n258_T15.png,images/Halo/B3_tile4_n258_T15.png,images/RFP1_masked/B3_tile4_n258_T15.png,images/Halo_masked/B3_tile4_n258_T15.png,Control
B3_tile4_n78,B3,4,Control,0ms,T15,15,images/RFP1/B3_tile4_n78_T15.png,images/Halo/B3_tile4_n78_T15.png,images/RFP1_masked/B3_tile4_n78_T15.png,images/Halo_masked/B3_tile4_n78_T15.png,Control
B4_tile4_n113,B4,4,Control,0ms,T15,15,images/RFP1/B4_tile4_n113_T15.png,images/Halo/B4_tile4_n113_T15.png,images/RFP1_masked/B4_tile4_n113_T15.png,images/Halo_masked/B4_tile4_n113_T15.png,Control
B4_tile1_n43,B4,1,Control,0ms,T15,15,images/RFP1/B4_tile1_n43_T15.png,images/Halo/B4_tile1_n43_T15.png,images/RFP1_masked/B4_tile1_n43_T15.png,images/Halo_masked/B4_tile1_n43_T15.png,Control
B4_tile4_n48,B4,4,Control,0ms,T15,15,images/RFP1/B4_tile4_n48_T15.png,images/Halo/B4_tile4_n48_T15.png,images/RFP1_masked/B4_tile4_n48_T15.png,images/Halo_masked/B4_tile4_n48_T15.png,Control
B4_tile4_n16,B4,4,Control,0ms,T15,15,images/RFP1/B4_tile4_n16_T15.png,images/Halo/B4_tile4_n16_T15.png,images/RFP1_masked/B4_tile4_n16_T15.png,images/Halo_masked/B4_tile4_n16_T15.png,Control
B4_tile4_n9,B4,4,Control,0ms,T15,15,images/RFP1/B4_tile4_n9_T15.png,images/Halo/B4_tile4_n9_T15.png,images/RFP1_masked/B4_tile4_n9_T15.png,images/Halo_masked/B4_tile4_n9_T15.png,Control
B4_tile4_n8,B4,4,Control,0ms,T15,15,images/RFP1/B4_tile4_n8_T15.png,images/Halo/B4_tile4_n8_T15.png,images/RFP1_masked/B4_tile4_n8_T15.png,images/Halo_masked/B4_tile4_n8_T15.png,Control
B4_tile1_n572,B4,1,Control,0ms,T15,15,images/RFP1/B4_tile1_n572_T15.png,images/Halo/B4_tile1_n572_T15.png,images/RFP1_masked/B4_tile1_n572_T15.png,images/Halo_masked/B4_tile1_n572_T15.png,Control
B4_tile1_n41,B4,1,Control,0ms,T15,15,images/RFP1/B4_tile1_n41_T15.png,images/Halo/B4_tile1_n41_T15.png,images/RFP1_masked/B4_tile1_n41_T15.png,images/Halo_masked/B4_tile1_n41_T15.png,Control
B4_tile4_n5,B4,4,Control,0ms,T15,15,images/RFP1/B4_tile4_n5_T15.png,images/Halo/B4_tile4_n5_T15.png,images/RFP1_masked/B4_tile4_n5_T15.png,images/Halo_masked/B4_tile4_n5_T15.png,Control
B4_tile4_n163,B4,4,Control,0ms,T15,15,images/RFP1/B4_tile4_n163_T15.png,images/Halo/B4_tile4_n163_T15.png,images/RFP1_masked/B4_tile4_n163_T15.png,images/Halo_masked/B4_tile4_n163_T15.png,Control
B4_tile1_n340,B4,1,Control,0ms,T15,15,images/RFP1/B4_tile1_n340_T15.png,images/Halo/B4_tile1_n340_T15.png,images/RFP1_masked/B4_tile1_n340_T15.png,images/Halo_masked/B4_tile1_n340_T15.png,Control
B4_tile1_n630,B4,1,Control,0ms,T15,15,images/RFP1/B4_tile1_n630_T15.png,images/Halo/B4_tile1_n630_T15.png,images/RFP1_masked/B4_tile1_n630_T15.png,images/Halo_masked/B4_tile1_n630_T15.png,Control
B4_tile1_n290,B4,1,Control,0ms,T15,15,images/RFP1/B4_tile1_n290_T15.png,images/Halo/B4_tile1_n290_T15.png,images/RFP1_masked/B4_tile1_n290_T15.png,images/Halo_masked/B4_tile1_n290_T15.png,Control
B4_tile4_n91,B4,4,Control,0ms,T15,15,images/RFP1/B4_tile4_n91_T15.png,images/Halo/B4_tile4_n91_T15.png,images/RFP1_masked/B4_tile4_n91_T15.png,images/Halo_masked/B4_tile4_n91_T15.png,Control
B4_tile4_n65,B4,4,Control,0ms,T15,15,images/RFP1/B4_tile4_n65_T15.png,images/Halo/B4_tile4_n65_T15.png,images/RFP1_masked/B4_tile4_n65_T15.png,images/Halo_masked/B4_tile4_n65_T15.png,Control
B4_tile4_n198,B4,4,Control,0ms,T15,15,images/RFP1/B4_tile4_n198_T15.png,images/Halo/B4_tile4_n198_T15.png,images/RFP1_masked/B4_tile4_n198_T15.png,images/Halo_masked/B4_tile4_n198_T15.png,Control
B4_tile4_n29,B4,4,Control,0ms,T15,15,images/RFP1/B4_tile4_n29_T15.png,images/Halo/B4_tile4_n29_T15.png,images/RFP1_masked/B4_tile4_n29_T15.png,images/Halo_masked/B4_tile4_n29_T15.png,Control
B4_tile4_n162,B4,4,Control,0ms,T15,15,images/RFP1/B4_tile4_n162_T15.png,images/Halo/B4_tile4_n162_T15.png,images/RFP1_masked/B4_tile4_n162_T15.png,images/Halo_masked/B4_tile4_n162_T15.png,Control
B4_tile4_n201,B4,4,Control,0ms,T15,15,images/RFP1/B4_tile4_n201_T15.png,images/Halo/B4_tile4_n201_T15.png,images/RFP1_masked/B4_tile4_n201_T15.png,images/Halo_masked/B4_tile4_n201_T15.png,Control
B4_tile1_n307,B4,1,Control,0ms,T15,15,images/RFP1/B4_tile1_n307_T15.png,images/Halo/B4_tile1_n307_T15.png,images/RFP1_masked/B4_tile1_n307_T15.png,images/Halo_masked/B4_tile1_n307_T15.png,Control
B4_tile1_n563,B4,1,Control,0ms,T15,15,images/RFP1/B4_tile1_n563_T15.png,images/Halo/B4_tile1_n563_T15.png,images/RFP1_masked/B4_tile1_n563_T15.png,images/Halo_masked/B4_tile1_n563_T15.png,Control
B4_tile1_n8,B4,1,Control,0ms,T15,15,images/RFP1/B4_tile1_n8_T15.png,images/Halo/B4_tile1_n8_T15.png,images/RFP1_masked/B4_tile1_n8_T15.png,images/Halo_masked/B4_tile1_n8_T15.png,Control
B4_tile1_n208,B4,1,Control,0ms,T15,15,images/RFP1/B4_tile1_n208_T15.png,images/Halo/B4_tile1_n208_T15.png,images/RFP1_masked/B4_tile1_n208_T15.png,images/Halo_masked/B4_tile1_n208_T15.png,Control
B4_tile1_n478,B4,1,Control,0ms,T15,15,images/RFP1/B4_tile1_n478_T15.png,images/Halo/B4_tile1_n478_T15.png,images/RFP1_masked/B4_tile1_n478_T15.png,images/Halo_masked/B4_tile1_n478_T15.png,Control
B4_tile1_n426,B4,1,Control,0ms,T15,15,images/RFP1/B4_tile1_n426_T15.png,images/Halo/B4_tile1_n426_T15.png,images/RFP1_masked/B4_tile1_n426_T15.png,images/Halo_masked/B4_tile1_n426_T15.png,Control
B4_tile1_n389,B4,1,Control,0ms,T15,15,images/RFP1/B4_tile1_n389_T15.png,images/Halo/B4_tile1_n389_T15.png,images/RFP1_masked/B4_tile1_n389_T15.png,images/Halo_masked/B4_tile1_n389_T15.png,Control
B4_tile1_n137,B4,1,Control,0ms,T15,15,images/RFP1/B4_tile1_n137_T15.png,images/Halo/B4_tile1_n137_T15.png,images/RFP1_masked/B4_tile1_n137_T15.png,images/Halo_masked/B4_tile1_n137_T15.png,Control
B4_tile4_n101,B4,4,Control,0ms,T15,15,images/RFP1/B4_tile4_n101_T15.png,images/Halo/B4_tile4_n101_T15.png,images/RFP1_masked/B4_tile4_n101_T15.png,images/Halo_masked/B4_tile4_n101_T15.png,Control
B4_tile4_n130,B4,4,Control,0ms,T15,15,images/RFP1/B4_tile4_n130_T15.png,images/Halo/B4_tile4_n130_T15.png,images/RFP1_masked/B4_tile4_n130_T15.png,images/Halo_masked/B4_tile4_n130_T15.png,Control
B4_tile4_n58,B4,4,Control,0ms,T15,15,images/RFP1/B4_tile4_n58_T15.png,images/Halo/B4_tile4_n58_T15.png,images/RFP1_masked/B4_tile4_n58_T15.png,images/Halo_masked/B4_tile4_n58_T15.png,Control
B4_tile4_n156,B4,4,Control,0ms,T15,15,images/RFP1/B4_tile4_n156_T15.png,images/Halo/B4_tile4_n156_T15.png,images/RFP1_masked/B4_tile4_n156_T15.png,images/Halo_masked/B4_tile4_n156_T15.png,Control
B4_tile1_n24,B4,1,Control,0ms,T15,15,images/RFP1/B4_tile1_n24_T15.png,images/Halo/B4_tile1_n24_T15.png,images/RFP1_masked/B4_tile1_n24_T15.png,images/Halo_masked/B4_tile1_n24_T15.png,Control
B4_tile4_n115,B4,4,Control,0ms,T15,15,images/RFP1/B4_tile4_n115_T15.png,images/Halo/B4_tile4_n115_T15.png,images/RFP1_masked/B4_tile4_n115_T15.png,images/Halo_masked/B4_tile4_n115_T15.png,Control
B4_tile1_n645,B4,1,Control,0ms,T15,15,images/RFP1/B4_tile1_n645_T15.png,images/Halo/B4_tile1_n645_T15.png,images/RFP1_masked/B4_tile1_n645_T15.png,images/Halo_masked/B4_tile1_n645_T15.png,Control
B4_tile4_n127,B4,4,Control,0ms,T15,15,images/RFP1/B4_tile4_n127_T15.png,images/Halo/B4_tile4_n127_T15.png,images/RFP1_masked/B4_tile4_n127_T15.png,images/Halo_masked/B4_tile4_n127_T15.png,Control
B4_tile1_n644,B4,1,Control,0ms,T15,15,images/RFP1/B4_tile1_n644_T15.png,images/Halo/B4_tile1_n644_T15.png,images/RFP1_masked/B4_tile1_n644_T15.png,images/Halo_masked/B4_tile1_n644_T15.png,Control
C1_tile4_n291,C1,4,APPV717I,0ms,T15,15,images/RFP1/C1_tile4_n291_T15.png,images/Halo/C1_tile4_n291_T15.png,images/RFP1_masked/C1_tile4_n291_T15.png,images/Halo_masked/C1_tile4_n291_T15.png,APPV717I
C1_tile1_n244,C1,1,APPV717I,0ms,T15,15,images/RFP1/C1_tile1_n244_T15.png,images/Halo/C1_tile1_n244_T15.png,images/RFP1_masked/C1_tile1_n244_T15.png,images/Halo_masked/C1_tile1_n244_T15.png,APPV717I
C1_tile4_n54,C1,4,APPV717I,0ms,T15,15,images/RFP1/C1_tile4_n54_T15.png,images/Halo/C1_tile4_n54_T15.png,images/RFP1_masked/C1_tile4_n54_T15.png,images/Halo_masked/C1_tile4_n54_T15.png,APPV717I
C1_tile1_n178,C1,1,APPV717I,0ms,T15,15,images/RFP1/C1_tile1_n178_T15.png,images/Halo/C1_tile1_n178_T15.png,images/RFP1_masked/C1_tile1_n178_T15.png,images/Halo_masked/C1_tile1_n178_T15.png,APPV717I
C1_tile1_n184,C1,1,APPV717I,0ms,T15,15,images/RFP1/C1_tile1_n184_T15.png,images/Halo/C1_tile1_n184_T15.png,images/RFP1_masked/C1_tile1_n184_T15.png,images/Halo_masked/C1_tile1_n184_T15.png,APPV717I
C1_tile4_n14,C1,4,APPV717I,0ms,T15,15,images/RFP1/C1_tile4_n14_T15.png,images/Halo/C1_tile4_n14_T15.png,images/RFP1_masked/C1_tile4_n14_T15.png,images/Halo_masked/C1_tile4_n14_T15.png,APPV717I
C1_tile4_n187,C1,4,APPV717I,0ms,T15,15,images/RFP1/C1_tile4_n187_T15.png,images/Halo/C1_tile4_n187_T15.png,images/RFP1_masked/C1_tile4_n187_T15.png,images/Halo_masked/C1_tile4_n187_T15.png,APPV717I
C2_tile1_n387,C2,1,APPV717I,0ms,T15,15,images/RFP1/C2_tile1_n387_T15.png,images/Halo/C2_tile1_n387_T15.png,images/RFP1_masked/C2_tile1_n387_T15.png,images/Halo_masked/C2_tile1_n387_T15.png,APPV717I
C2_tile4_n7,C2,4,APPV717I,0ms,T15,15,images/RFP1/C2_tile4_n7_T15.png,images/Halo/C2_tile4_n7_T15.png,images/RFP1_masked/C2_tile4_n7_T15.png,images/Halo_masked/C2_tile4_n7_T15.png,APPV717I
C2_tile4_n60,C2,4,APPV717I,0ms,T15,15,images/RFP1/C2_tile4_n60_T15.png,images/Halo/C2_tile4_n60_T15.png,images/RFP1_masked/C2_tile4_n60_T15.png,images/Halo_masked/C2_tile4_n60_T15.png,APPV717I
C2_tile4_n152,C2,4,APPV717I,0ms,T15,15,images/RFP1/C2_tile4_n152_T15.png,images/Halo/C2_tile4_n152_T15.png,images/RFP1_masked/C2_tile4_n152_T15.png,images/Halo_masked/C2_tile4_n152_T15.png,APPV717I
C3_tile4_n133,C3,4,APPV717I,0ms,T15,15,images/RFP1/C3_tile4_n133_T15.png,images/Halo/C3_tile4_n133_T15.png,images/RFP1_masked/C3_tile4_n133_T15.png,images/Halo_masked/C3_tile4_n133_T15.png,APPV717I
C3_tile4_n216,C3,4,APPV717I,0ms,T15,15,images/RFP1/C3_tile4_n216_T15.png,images/Halo/C3_tile4_n216_T15.png,images/RFP1_masked/C3_tile4_n216_T15.png,images/Halo_masked/C3_tile4_n216_T15.png,APPV717I
C3_tile4_n184,C3,4,APPV717I,0ms,T15,15,images/RFP1/C3_tile4_n184_T15.png,images/Halo/C3_tile4_n184_T15.png,images/RFP1_masked/C3_tile4_n184_T15.png,images/Halo_masked/C3_tile4_n184_T15.png,APPV717I
C4_tile4_n226,C4,4,APPV717I,0ms,T15,15,images/RFP1/C4_tile4_n226_T15.png,images/Halo/C4_tile4_n226_T15.png,images/RFP1_masked/C4_tile4_n226_T15.png,images/Halo_masked/C4_tile4_n226_T15.png,APPV717I
C4_tile4_n246,C4,4,APPV717I,0ms,T15,15,images/RFP1/C4_tile4_n246_T15.png,images/Halo/C4_tile4_n246_T15.png,images/RFP1_masked/C4_tile4_n246_T15.png,images/Halo_masked/C4_tile4_n246_T15.png,APPV717I
C4_tile4_n65,C4,4,APPV717I,0ms,T15,15,images/RFP1/C4_tile4_n65_T15.png,images/Halo/C4_tile4_n65_T15.png,images/RFP1_masked/C4_tile4_n65_T15.png,images/Halo_masked/C4_tile4_n65_T15.png,APPV717I
D1_tile1_n109,D1,1,APPV717I,0ms,T15,15,images/RFP1/D1_tile1_n109_T15.png,images/Halo/D1_tile1_n109_T15.png,images/RFP1_masked/D1_tile1_n109_T15.png,images/Halo_masked/D1_tile1_n109_T15.png,APPV717I
D1_tile4_n98,D1,4,APPV717I,0ms,T15,15,images/RFP1/D1_tile4_n98_T15.png,images/Halo/D1_tile4_n98_T15.png,images/RFP1_masked/D1_tile4_n98_T15.png,images/Halo_masked/D1_tile4_n98_T15.png,APPV717I
D1_tile4_n145,D1,4,APPV717I,0ms,T15,15,images/RFP1/D1_tile4_n145_T15.png,images/Halo/D1_tile4_n145_T15.png,images/RFP1_masked/D1_tile4_n145_T15.png,images/Halo_masked/D1_tile4_n145_T15.png,APPV717I
D1_tile1_n162,D1,1,APPV717I,0ms,T15,15,images/RFP1/D1_tile1_n162_T15.png,images/Halo/D1_tile1_n162_T15.png,images/RFP1_masked/D1_tile1_n162_T15.png,images/Halo_masked/D1_tile1_n162_T15.png,APPV717I
D1_tile4_n8,D1,4,APPV717I,0ms,T15,15,images/RFP1/D1_tile4_n8_T15.png,images/Halo/D1_tile4_n8_T15.png,images/RFP1_masked/D1_tile4_n8_T15.png,images/Halo_masked/D1_tile4_n8_T15.png,APPV717I
D1_tile4_n47,D1,4,APPV717I,0ms,T15,15,images/RFP1/D1_tile4_n47_T15.png,images/Halo/D1_tile4_n47_T15.png,images/RFP1_masked/D1_tile4_n47_T15.png,images/Halo_masked/D1_tile4_n47_T15.png,APPV717I
D1_tile1_n442,D1,1,APPV717I,0ms,T15,15,images/RFP1/D1_tile1_n442_T15.png,images/Halo/D1_tile1_n442_T15.png,images/RFP1_masked/D1_tile1_n442_T15.png,images/Halo_masked/D1_tile1_n442_T15.png,APPV717I
D1_tile1_n245,D1,1,APPV717I,0ms,T15,15,images/RFP1/D1_tile1_n245_T15.png,images/Halo/D1_tile1_n245_T15.png,images/RFP1_masked/D1_tile1_n245_T15.png,images/Halo_masked/D1_tile1_n245_T15.png,APPV717I
D1_tile1_n58,D1,1,APPV717I,0ms,T15,15,images/RFP1/D1_tile1_n58_T15.png,images/Halo/D1_tile1_n58_T15.png,images/RFP1_masked/D1_tile1_n58_T15.png,images/Halo_masked/D1_tile1_n58_T15.png,APPV717I
D1_tile4_n129,D1,4,APPV717I,0ms,T15,15,images/RFP1/D1_tile4_n129_T15.png,images/Halo/D1_tile4_n129_T15.png,images/RFP1_masked/D1_tile4_n129_T15.png,images/Halo_masked/D1_tile4_n129_T15.png,APPV717I
D1_tile4_n11,D1,4,APPV717I,0ms,T15,15,images/RFP1/D1_tile4_n11_T15.png,images/Halo/D1_tile4_n11_T15.png,images/RFP1_masked/D1_tile4_n11_T15.png,images/Halo_masked/D1_tile4_n11_T15.png,APPV717I
D1_tile4_n141,D1,4,APPV717I,0ms,T15,15,images/RFP1/D1_tile4_n141_T15.png,images/Halo/D1_tile4_n141_T15.png,images/RFP1_masked/D1_tile4_n141_T15.png,images/Halo_masked/D1_tile4_n141_T15.png,APPV717I
D1_tile4_n26,D1,4,APPV717I,0ms,T15,15,images/RFP1/D1_tile4_n26_T15.png,images/Halo/D1_tile4_n26_T15.png,images/RFP1_masked/D1_tile4_n26_T15.png,images/Halo_masked/D1_tile4_n26_T15.png,APPV717I
D1_tile4_n86,D1,4,APPV717I,0ms,T15,15,images/RFP1/D1_tile4_n86_T15.png,images/Halo/D1_tile4_n86_T15.png,images/RFP1_masked/D1_tile4_n86_T15.png,images/Halo_masked/D1_tile4_n86_T15.png,APPV717I
D3_tile1_n945,D3,1,APPV717I,0ms,T15,15,images/RFP1/D3_tile1_n945_T15.png,images/Halo/D3_tile1_n945_T15.png,images/RFP1_masked/D3_tile1_n945_T15.png,images/Halo_masked/D3_tile1_n945_T15.png,APPV717I
D3_tile4_n319,D3,4,APPV717I,0ms,T15,15,images/RFP1/D3_tile4_n319_T15.png,images/Halo/D3_tile4_n319_T15.png,images/RFP1_masked/D3_tile4_n319_T15.png,images/Halo_masked/D3_tile4_n319_T15.png,APPV717I
D3_tile4_n245,D3,4,APPV717I,0ms,T15,15,images/RFP1/D3_tile4_n245_T15.png,images/Halo/D3_tile4_n245_T15.png,images/RFP1_masked/D3_tile4_n245_T15.png,images/Halo_masked/D3_tile4_n245_T15.png,APPV717I
D3_tile1_n920,D3,1,APPV717I,0ms,T15,15,images/RFP1/D3_tile1_n920_T15.png,images/Halo/D3_tile1_n920_T15.png,images/RFP1_masked/D3_tile1_n920_T15.png,images/Halo_masked/D3_tile1_n920_T15.png,APPV717I
D4_tile4_n10,D4,4,APPV717I,0ms,T15,15,images/RFP1/D4_tile4_n10_T15.png,images/Halo/D4_tile4_n10_T15.png,images/RFP1_masked/D4_tile4_n10_T15.png,images/Halo_masked/D4_tile4_n10_T15.png,APPV717I
D4_tile4_n236,D4,4,APPV717I,0ms,T15,15,images/RFP1/D4_tile4_n236_T15.png,images/Halo/D4_tile4_n236_T15.png,images/RFP1_masked/D4_tile4_n236_T15.png,images/Halo_masked/D4_tile4_n236_T15.png,APPV717I
D4_tile4_n241,D4,4,APPV717I,0ms,T15,15,images/RFP1/D4_tile4_n241_T15.png,images/Halo/D4_tile4_n241_T15.png,images/RFP1_masked/D4_tile4_n241_T15.png,images/Halo_masked/D4_tile4_n241_T15.png,APPV717I
D4_tile4_n108,D4,4,APPV717I,0ms,T15,15,images/RFP1/D4_tile4_n108_T15.png,images/Halo/D4_tile4_n108_T15.png,images/RFP1_masked/D4_tile4_n108_T15.png,images/Halo_masked/D4_tile4_n108_T15.png,APPV717I
D4_tile1_n1120,D4,1,APPV717I,0ms,T15,15,images/RFP1/D4_tile1_n1120_T15.png,images/Halo/D4_tile1_n1120_T15.png,images/RFP1_masked/D4_tile1_n1120_T15.png,images/Halo_masked/D4_tile1_n1120_T15.png,APPV717I
E1_tile4_n135,E1,4,APPV717I,0ms,T15,15,images/RFP1/E1_tile4_n135_T15.png,images/Halo/E1_tile4_n135_T15.png,images/RFP1_masked/E1_tile4_n135_T15.png,images/Halo_masked/E1_tile4_n135_T15.png,APPV717I
E1_tile1_n191,E1,1,APPV717I,0ms,T15,15,images/RFP1/E1_tile1_n191_T15.png,images/Halo/E1_tile1_n191_T15.png,images/RFP1_masked/E1_tile1_n191_T15.png,images/Halo_masked/E1_tile1_n191_T15.png,APPV717I
E1_tile1_n116,E1,1,APPV717I,0ms,T15,15,images/RFP1/E1_tile1_n116_T15.png,images/Halo/E1_tile1_n116_T15.png,images/RFP1_masked/E1_tile1_n116_T15.png,images/Halo_masked/E1_tile1_n116_T15.png,APPV717I
E1_tile4_n61,E1,4,APPV717I,0ms,T15,15,images/RFP1/E1_tile4_n61_T15.png,images/Halo/E1_tile4_n61_T15.png,images/RFP1_masked/E1_tile4_n61_T15.png,images/Halo_masked/E1_tile4_n61_T15.png,APPV717I
E1_tile4_n72,E1,4,APPV717I,0ms,T15,15,images/RFP1/E1_tile4_n72_T15.png,images/Halo/E1_tile4_n72_T15.png,images/RFP1_masked/E1_tile4_n72_T15.png,images/Halo_masked/E1_tile4_n72_T15.png,APPV717I
E2_tile4_n62,E2,4,APPV717I,0ms,T15,15,images/RFP1/E2_tile4_n62_T15.png,images/Halo/E2_tile4_n62_T15.png,images/RFP1_masked/E2_tile4_n62_T15.png,images/Halo_masked/E2_tile4_n62_T15.png,APPV717I
E2_tile1_n277,E2,1,APPV717I,0ms,T15,15,images/RFP1/E2_tile1_n277_T15.png,images/Halo/E2_tile1_n277_T15.png,images/RFP1_masked/E2_tile1_n277_T15.png,images/Halo_masked/E2_tile1_n277_T15.png,APPV717I
E2_tile4_n156,E2,4,APPV717I,0ms,T15,15,images/RFP1/E2_tile4_n156_T15.png,images/Halo/E2_tile4_n156_T15.png,images/RFP1_masked/E2_tile4_n156_T15.png,images/Halo_masked/E2_tile4_n156_T15.png,APPV717I
E2_tile4_n338,E2,4,APPV717I,0ms,T15,15,images/RFP1/E2_tile4_n338_T15.png,images/Halo/E2_tile4_n338_T15.png,images/RFP1_masked/E2_tile4_n338_T15.png,images/Halo_masked/E2_tile4_n338_T15.png,APPV717I
E2_tile4_n72,E2,4,APPV717I,0ms,T15,15,images/RFP1/E2_tile4_n72_T15.png,images/Halo/E2_tile4_n72_T15.png,images/RFP1_masked/E2_tile4_n72_T15.png,images/Halo_masked/E2_tile4_n72_T15.png,APPV717I
E2_tile4_n1,E2,4,APPV717I,0ms,T15,15,images/RFP1/E2_tile4_n1_T15.png,images/Halo/E2_tile4_n1_T15.png,images/RFP1_masked/E2_tile4_n1_T15.png,images/Halo_masked/E2_tile4_n1_T15.png,APPV717I
E2_tile1_n14,E2,1,APPV717I,0ms,T15,15,images/RFP1/E2_tile1_n14_T15.png,images/Halo/E2_tile1_n14_T15.png,images/RFP1_masked/E2_tile1_n14_T15.png,images/Halo_masked/E2_tile1_n14_T15.png,APPV717I
E3_tile1_n28,E3,1,APPV717I,0ms,T15,15,images/RFP1/E3_tile1_n28_T15.png,images/Halo/E3_tile1_n28_T15.png,images/RFP1_masked/E3_tile1_n28_T15.png,images/Halo_masked/E3_tile1_n28_T15.png,APPV717I
E3_tile4_n209,E3,4,APPV717I,0ms,T15,15,images/RFP1/E3_tile4_n209_T15.png,images/Halo/E3_tile4_n209_T15.png,images/RFP1_masked/E3_tile4_n209_T15.png,images/Halo_masked/E3_tile4_n209_T15.png,APPV717I
E3_tile4_n298,E3,4,APPV717I,0ms,T15,15,images/RFP1/E3_tile4_n298_T15.png,images/Halo/E3_tile4_n298_T15.png,images/RFP1_masked/E3_tile4_n298_T15.png,images/Halo_masked/E3_tile4_n298_T15.png,APPV717I
E3_tile4_n307,E3,4,APPV717I,0ms,T15,15,images/RFP1/E3_tile4_n307_T15.png,images/Halo/E3_tile4_n307_T15.png,images/RFP1_masked/E3_tile4_n307_T15.png,images/Halo_masked/E3_tile4_n307_T15.png,APPV717I
E4_tile4_n315,E4,4,APPV717I,0ms,T15,15,images/RFP1/E4_tile4_n315_T15.png,images/Halo/E4_tile4_n315_T15.png,images/RFP1_masked/E4_tile4_n315_T15.png,images/Halo_masked/E4_tile4_n315_T15.png,APPV717I
E4_tile4_n184,E4,4,APPV717I,0ms,T15,15,images/RFP1/E4_tile4_n184_T15.png,images/Halo/E4_tile4_n184_T15.png,images/RFP1_masked/E4_tile4_n184_T15.png,images/Halo_masked/E4_tile4_n184_T15.png,APPV717I
E4_tile4_n297,E4,4,APPV717I,0ms,T15,15,images/RFP1/E4_tile4_n297_T15.png,images/Halo/E4_tile4_n297_T15.png,images/RFP1_masked/E4_tile4_n297_T15.png,images/Halo_masked/E4_tile4_n297_T15.png,APPV717I
E4_tile4_n133,E4,4,APPV717I,0ms,T15,15,images/RFP1/E4_tile4_n133_T15.png,images/Halo/E4_tile4_n133_T15.png,images/RFP1_masked/E4_tile4_n133_T15.png,images/Halo_masked/E4_tile4_n133_T15.png,APPV717I
E4_tile4_n102,E4,4,APPV717I,0ms,T15,15,images/RFP1/E4_tile4_n102_T15.png,images/Halo/E4_tile4_n102_T15.png,images/RFP1_masked/E4_tile4_n102_T15.png,images/Halo_masked/E4_tile4_n102_T15.png,APPV717I
E4_tile4_n253,E4,4,APPV717I,0ms,T15,15,images/RFP1/E4_tile4_n253_T15.png,images/Halo/E4_tile4_n253_T15.png,images/RFP1_masked/E4_tile4_n253_T15.png,images/Halo_masked/E4_tile4_n253_T15.png,APPV717I
E4_tile4_n32,E4,4,APPV717I,0ms,T15,15,images/RFP1/E4_tile4_n32_T15.png,images/Halo/E4_tile4_n32_T15.png,images/RFP1_masked/E4_tile4_n32_T15.png,images/Halo_masked/E4_tile4_n32_T15.png,APPV717I
E4_tile1_n966,E4,1,APPV717I,0ms,T15,15,images/RFP1/E4_tile1_n966_T15.png,images/Halo/E4_tile1_n966_T15.png,images/RFP1_masked/E4_tile1_n966_T15.png,images/Halo_masked/E4_tile1_n966_T15.png,APPV717I
F1_tile4_n112,F1,4,APPV717I,0ms,T15,15,images/RFP1/F1_tile4_n112_T15.png,images/Halo/F1_tile4_n112_T15.png,images/RFP1_masked/F1_tile4_n112_T15.png,images/Halo_masked/F1_tile4_n112_T15.png,APPV717I
F1_tile4_n80,F1,4,APPV717I,0ms,T15,15,images/RFP1/F1_tile4_n80_T15.png,images/Halo/F1_tile4_n80_T15.png,images/RFP1_masked/F1_tile4_n80_T15.png,images/Halo_masked/F1_tile4_n80_T15.png,APPV717I
F1_tile4_n210,F1,4,APPV717I,0ms,T15,15,images/RFP1/F1_tile4_n210_T15.png,images/Halo/F1_tile4_n210_T15.png,images/RFP1_masked/F1_tile4_n210_T15.png,images/Halo_masked/F1_tile4_n210_T15.png,APPV717I
F1_tile4_n10,F1,4,APPV717I,0ms,T15,15,images/RFP1/F1_tile4_n10_T15.png,images/Halo/F1_tile4_n10_T15.png,images/RFP1_masked/F1_tile4_n10_T15.png,images/Halo_masked/F1_tile4_n10_T15.png,APPV717I
F1_tile1_n65,F1,1,APPV717I,0ms,T15,15,images/RFP1/F1_tile1_n65_T15.png,images/Halo/F1_tile1_n65_T15.png,images/RFP1_masked/F1_tile1_n65_T15.png,images/Halo_masked/F1_tile1_n65_T15.png,APPV717I
F2_tile1_n560,F2,1,APPV717I,0ms,T15,15,images/RFP1/F2_tile1_n560_T15.png,images/Halo/F2_tile1_n560_T15.png,images/RFP1_masked/F2_tile1_n560_T15.png,images/Halo_masked/F2_tile1_n560_T15.png,APPV717I
F2_tile4_n36,F2,4,APPV717I,0ms,T15,15,images/RFP1/F2_tile4_n36_T15.png,images/Halo/F2_tile4_n36_T15.png,images/RFP1_masked/F2_tile4_n36_T15.png,images/Halo_masked/F2_tile4_n36_T15.png,APPV717I
F2_tile1_n183,F2,1,APPV717I,0ms,T15,15,images/RFP1/F2_tile1_n183_T15.png,images/Halo/F2_tile1_n183_T15.png,images/RFP1_masked/F2_tile1_n183_T15.png,images/Halo_masked/F2_tile1_n183_T15.png,APPV717I
F2_tile1_n357,F2,1,APPV717I,0ms,T15,15,images/RFP1/F2_tile1_n357_T15.png,images/Halo/F2_tile1_n357_T15.png,images/RFP1_masked/F2_tile1_n357_T15.png,images/Halo_masked/F2_tile1_n357_T15.png,APPV717I
F2_tile1_n173,F2,1,APPV717I,0ms,T15,15,images/RFP1/F2_tile1_n173_T15.png,images/Halo/F2_tile1_n173_T15.png,images/RFP1_masked/F2_tile1_n173_T15.png,images/Halo_masked/F2_tile1_n173_T15.png,APPV717I
F2_tile4_n156,F2,4,APPV717I,0ms,T15,15,images/RFP1/F2_tile4_n156_T15.png,images/Halo/F2_tile4_n156_T15.png,images/RFP1_masked/F2_tile4_n156_T15.png,images/Halo_masked/F2_tile4_n156_T15.png,APPV717I
F2_tile4_n186,F2,4,APPV717I,0ms,T15,15,images/RFP1/F2_tile4_n186_T15.png,images/Halo/F2_tile4_n186_T15.png,images/RFP1_masked/F2_tile4_n186_T15.png,images/Halo_masked/F2_tile4_n186_T15.png,APPV717I
F2_tile1_n230,F2,1,APPV717I,0ms,T15,15,images/RFP1/F2_tile1_n230_T15.png,images/Halo/F2_tile1_n230_T15.png,images/RFP1_masked/F2_tile1_n230_T15.png,images/Halo_masked/F2_tile1_n230_T15.png,APPV717I
F2_tile4_n37,F2,4,APPV717I,0ms,T15,15,images/RFP1/F2_tile4_n37_T15.png,images/Halo/F2_tile4_n37_T15.png,images/RFP1_masked/F2_tile4_n37_T15.png,images/Halo_masked/F2_tile4_n37_T15.png,APPV717I
F2_tile4_n84,F2,4,APPV717I,0ms,T15,15,images/RFP1/F2_tile4_n84_T15.png,images/Halo/F2_tile4_n84_T15.png,images/RFP1_masked/F2_tile4_n84_T15.png,images/Halo_masked/F2_tile4_n84_T15.png,APPV717I
F2_tile4_n118,F2,4,APPV717I,0ms,T15,15,images/RFP1/F2_tile4_n118_T15.png,images/Halo/F2_tile4_n118_T15.png,images/RFP1_masked/F2_tile4_n118_T15.png,images/Halo_masked/F2_tile4_n118_T15.png,APPV717I
F3_tile4_n231,F3,4,APPV717I,0ms,T15,15,images/RFP1/F3_tile4_n231_T15.png,images/Halo/F3_tile4_n231_T15.png,images/RFP1_masked/F3_tile4_n231_T15.png,images/Halo_masked/F3_tile4_n231_T15.png,APPV717I
F3_tile4_n371,F3,4,APPV717I,0ms,T15,15,images/RFP1/F3_tile4_n371_T15.png,images/Halo/F3_tile4_n371_T15.png,images/RFP1_masked/F3_tile4_n371_T15.png,images/Halo_masked/F3_tile4_n371_T15.png,APPV717I
F3_tile4_n336,F3,4,APPV717I,0ms,T15,15,images/RFP1/F3_tile4_n336_T15.png,images/Halo/F3_tile4_n336_T15.png,images/RFP1_masked/F3_tile4_n336_T15.png,images/Halo_masked/F3_tile4_n336_T15.png,APPV717I
F4_tile1_n780,F4,1,APPV717I,0ms,T15,15,images/RFP1/F4_tile1_n780_T15.png,images/Halo/F4_tile1_n780_T15.png,images/RFP1_masked/F4_tile1_n780_T15.png,images/Halo_masked/F4_tile1_n780_T15.png,APPV717I
F4_tile4_n183,F4,4,APPV717I,0ms,T15,15,images/RFP1/F4_tile4_n183_T15.png,images/Halo/F4_tile4_n183_T15.png,images/RFP1_masked/F4_tile4_n183_T15.png,images/Halo_masked/F4_tile4_n183_T15.png,APPV717I
F4_tile4_n197,F4,4,APPV717I,0ms,T15,15,images/RFP1/F4_tile4_n197_T15.png,images/Halo/F4_tile4_n197_T15.png,images/RFP1_masked/F4_tile4_n197_T15.png,images/Halo_masked/F4_tile4_n197_T15.png,APPV717I
F4_tile1_n1758,F4,1,APPV717I,0ms,T15,15,images/RFP1/F4_tile1_n1758_T15.png,images/Halo/F4_tile1_n1758_T15.png,images/RFP1_masked/F4_tile1_n1758_T15.png,images/Halo_masked/F4_tile1_n1758_T15.png,APPV717I
F4_tile1_n520,F4,1,APPV717I,0ms,T15,15,images/RFP1/F4_tile1_n520_T15.png,images/Halo/F4_tile1_n520_T15.png,images/RFP1_masked/F4_tile1_n520_T15.png,images/Halo_masked/F4_tile1_n520_T15.png,APPV717I
G1_tile4_n171,G1,4,APPV717I,0ms,T15,15,images/RFP1/G1_tile4_n171_T15.png,images/Halo/G1_tile4_n171_T15.png,images/RFP1_masked/G1_tile4_n171_T15.png,images/Halo_masked/G1_tile4_n171_T15.png,APPV717I
G1_tile4_n16,G1,4,APPV717I,0ms,T15,15,images/RFP1/G1_tile4_n16_T15.png,images/Halo/G1_tile4_n16_T15.png,images/RFP1_masked/G1_tile4_n16_T15.png,images/Halo_masked/G1_tile4_n16_T15.png,APPV717I
G1_tile4_n42,G1,4,APPV717I,0ms,T15,15,images/RFP1/G1_tile4_n42_T15.png,images/Halo/G1_tile4_n42_T15.png,images/RFP1_masked/G1_tile4_n42_T15.png,images/Halo_masked/G1_tile4_n42_T15.png,APPV717I
G1_tile1_n91,G1,1,APPV717I,0ms,T15,15,images/RFP1/G1_tile1_n91_T15.png,images/Halo/G1_tile1_n91_T15.png,images/RFP1_masked/G1_tile1_n91_T15.png,images/Halo_masked/G1_tile1_n91_T15.png,APPV717I
G1_tile4_n168,G1,4,APPV717I,0ms,T15,15,images/RFP1/G1_tile4_n168_T15.png,images/Halo/G1_tile4_n168_T15.png,images/RFP1_masked/G1_tile4_n168_T15.png,images/Halo_masked/G1_tile4_n168_T15.png,APPV717I
G2_tile4_n144,G2,4,APPV717I,0ms,T15,15,images/RFP1/G2_tile4_n144_T15.png,images/Halo/G2_tile4_n144_T15.png,images/RFP1_masked/G2_tile4_n144_T15.png,images/Halo_masked/G2_tile4_n144_T15.png,APPV717I
G2_tile4_n53,G2,4,APPV717I,0ms,T15,15,images/RFP1/G2_tile4_n53_T15.png,images/Halo/G2_tile4_n53_T15.png,images/RFP1_masked/G2_tile4_n53_T15.png,images/Halo_masked/G2_tile4_n53_T15.png,APPV717I
G2_tile4_n226,G2,4,APPV717I,0ms,T15,15,images/RFP1/G2_tile4_n226_T15.png,images/Halo/G2_tile4_n226_T15.png,images/RFP1_masked/G2_tile4_n226_T15.png,images/Halo_masked/G2_tile4_n226_T15.png,APPV717I
G2_tile1_n757,G2,1,APPV717I,0ms,T15,15,images/RFP1/G2_tile1_n757_T15.png,images/Halo/G2_tile1_n757_T15.png,images/RFP1_masked/G2_tile1_n757_T15.png,images/Halo_masked/G2_tile1_n757_T15.png,APPV717I
G2_tile1_n409,G2,1,APPV717I,0ms,T15,15,images/RFP1/G2_tile1_n409_T15.png,images/Halo/G2_tile1_n409_T15.png,images/RFP1_masked/G2_tile1_n409_T15.png,images/Halo_masked/G2_tile1_n409_T15.png,APPV717I
G2_tile4_n58,G2,4,APPV717I,0ms,T15,15,images/RFP1/G2_tile4_n58_T15.png,images/Halo/G2_tile4_n58_T15.png,images/RFP1_masked/G2_tile4_n58_T15.png,images/Halo_masked/G2_tile4_n58_T15.png,APPV717I
G2_tile4_n28,G2,4,APPV717I,0ms,T15,15,images/RFP1/G2_tile4_n28_T15.png,images/Halo/G2_tile4_n28_T15.png,images/RFP1_masked/G2_tile4_n28_T15.png,images/Halo_masked/G2_tile4_n28_T15.png,APPV717I
G2_tile4_n286,G2,4,APPV717I,0ms,T15,15,images/RFP1/G2_tile4_n286_T15.png,images/Halo/G2_tile4_n286_T15.png,images/RFP1_masked/G2_tile4_n286_T15.png,images/Halo_masked/G2_tile4_n286_T15.png,APPV717I
G3_tile4_n30,G3,4,APPV717I,0ms,T15,15,images/RFP1/G3_tile4_n30_T15.png,images/Halo/G3_tile4_n30_T15.png,images/RFP1_masked/G3_tile4_n30_T15.png,images/Halo_masked/G3_tile4_n30_T15.png,APPV717I
G3_tile4_n22,G3,4,APPV717I,0ms,T15,15,images/RFP1/G3_tile4_n22_T15.png,images/Halo/G3_tile4_n22_T15.png,images/RFP1_masked/G3_tile4_n22_T15.png,images/Halo_masked/G3_tile4_n22_T15.png,APPV717I
G3_tile4_n101,G3,4,APPV717I,0ms,T15,15,images/RFP1/G3_tile4_n101_T15.png,images/Halo/G3_tile4_n101_T15.png,images/RFP1_masked/G3_tile4_n101_T15.png,images/Halo_masked/G3_tile4_n101_T15.png,APPV717I
G3_tile4_n5,G3,4,APPV717I,0ms,T15,15,images/RFP1/G3_tile4_n5_T15.png,images/Halo/G3_tile4_n5_T15.png,images/RFP1_masked/G3_tile4_n5_T15.png,images/Halo_masked/G3_tile4_n5_T15.png,APPV717I
G4_tile4_n214,G4,4,APPV717I,0ms,T15,15,images/RFP1/G4_tile4_n214_T15.png,images/Halo/G4_tile4_n214_T15.png,images/RFP1_masked/G4_tile4_n214_T15.png,images/Halo_masked/G4_tile4_n214_T15.png,APPV717I
G4_tile4_n162,G4,4,APPV717I,0ms,T15,15,images/RFP1/G4_tile4_n162_T15.png,images/Halo/G4_tile4_n162_T15.png,images/RFP1_masked/G4_tile4_n162_T15.png,images/Halo_masked/G4_tile4_n162_T15.png,APPV717I
G4_tile4_n187,G4,4,APPV717I,0ms,T15,15,images/RFP1/G4_tile4_n187_T15.png,images/Halo/G4_tile4_n187_T15.png,images/RFP1_masked/G4_tile4_n187_T15.png,images/Halo_masked/G4_tile4_n187_T15.png,APPV717I
H1_tile4_n574,H1,4,APPV717I,0ms,T15,15,images/RFP1/H1_tile4_n574_T15.png,images/Halo/H1_tile4_n574_T15.png,images/RFP1_masked/H1_tile4_n574_T15.png,images/Halo_masked/H1_tile4_n574_T15.png,APPV717I
H1_tile1_n223,H1,1,APPV717I,0ms,T15,15,images/RFP1/H1_tile1_n223_T15.png,images/Halo/H1_tile1_n223_T15.png,images/RFP1_masked/H1_tile1_n223_T15.png,images/Halo_masked/H1_tile1_n223_T15.png,APPV717I
H2_tile1_n1207,H2,1,APPV717I,0ms,T15,15,images/RFP1/H2_tile1_n1207_T15.png,images/Halo/H2_tile1_n1207_T15.png,images/RFP1_masked/H2_tile1_n1207_T15.png,images/Halo_masked/H2_tile1_n1207_T15.png,APPV717I
H2_tile4_n122,H2,4,APPV717I,0ms,T15,15,images/RFP1/H2_tile4_n122_T15.png,images/Halo/H2_tile4_n122_T15.png,images/RFP1_masked/H2_tile4_n122_T15.png,images/Halo_masked/H2_tile4_n122_T15.png,APPV717I
H2_tile4_n102,H2,4,APPV717I,0ms,T15,15,images/RFP1/H2_tile4_n102_T15.png,images/Halo/H2_tile4_n102_T15.png,images/RFP1_masked/H2_tile4_n102_T15.png,images/Halo_masked/H2_tile4_n102_T15.png,APPV717I
H3_tile4_n81,H3,4,APPV717I,0ms,T15,15,images/RFP1/H3_tile4_n81_T15.png,images/Halo/H3_tile4_n81_T15.png,images/RFP1_masked/H3_tile4_n81_T15.png,images/Halo_masked/H3_tile4_n81_T15.png,APPV717I
H3_tile4_n7,H3,4,APPV717I,0ms,T15,15,images/RFP1/H3_tile4_n7_T15.png,images/Halo/H3_tile4_n7_T15.png,images/RFP1_masked/H3_tile4_n7_T15.png,images/Halo_masked/H3_tile4_n7_T15.png,APPV717I
H3_tile4_n11,H3,4,APPV717I,0ms,T15,15,images/RFP1/H3_tile4_n11_T15.png,images/Halo/H3_tile4_n11_T15.png,images/RFP1_masked/H3_tile4_n11_T15.png,images/Halo_masked/H3_tile4_n11_T15.png,APPV717I
H4_tile4_n24,H4,4,APPV717I,0ms,T15,15,images/RFP1/H4_tile4_n24_T15.png,images/Halo/H4_tile4_n24_T15.png,images/RFP1_masked/H4_tile4_n24_T15.png,images/Halo_masked/H4_tile4_n24_T15.png,APPV717I
H4_tile4_n20,H4,4,APPV717I,0ms,T15,15,images/RFP1/H4_tile4_n20_T15.png,images/Halo/H4_tile4_n20_T15.png,images/RFP1_masked/H4_tile4_n20_T15.png,images/Halo_masked/H4_tile4_n20_T15.png,APPV717I
H4_tile4_n110,H4,4,APPV717I,0ms,T15,15,images/RFP1/H4_tile4_n110_T15.png,images/Halo/H4_tile4_n110_T15.png,images/RFP1_masked/H4_tile4_n110_T15.png,images/Halo_masked/H4_tile4_n110_T15.png,APPV717I
H4_tile4_n354,H4,4,APPV717I,0ms,T15,15,images/RFP1/H4_tile4_n354_T15.png,images/Halo/H4_tile4_n354_T15.png,images/RFP1_masked/H4_tile4_n354_T15.png,images/Halo_masked/H4_tile4_n354_T15.png,APPV717I
H4_tile4_n326,H4,4,APPV717I,0ms,T15,15,images/RFP1/H4_tile4_n326_T15.png,images/Halo/H4_tile4_n326_T15.png,images/RFP1_masked/H4_tile4_n326_T15.png,images/Halo_masked/H4_tile4_n326_T15.png,APPV717I
I1_tile4_n47,I1,4,APPV717I,0ms,T15,15,images/RFP1/I1_tile4_n47_T15.png,images/Halo/I1_tile4_n47_T15.png,images/RFP1_masked/I1_tile4_n47_T15.png,images/Halo_masked/I1_tile4_n47_T15.png,APPV717I
I1_tile1_n334,I1,1,APPV717I,0ms,T15,15,images/RFP1/I1_tile1_n334_T15.png,images/Halo/I1_tile1_n334_T15.png,images/RFP1_masked/I1_tile1_n334_T15.png,images/Halo_masked/I1_tile1_n334_T15.png,APPV717I
I1_tile1_n313,I1,1,APPV717I,0ms,T15,15,images/RFP1/I1_tile1_n313_T15.png,images/Halo/I1_tile1_n313_T15.png,images/RFP1_masked/I1_tile1_n313_T15.png,images/Halo_masked/I1_tile1_n313_T15.png,APPV717I
I1_tile1_n182,I1,1,APPV717I,0ms,T15,15,images/RFP1/I1_tile1_n182_T15.png,images/Halo/I1_tile1_n182_T15.png,images/RFP1_masked/I1_tile1_n182_T15.png,images/Halo_masked/I1_tile1_n182_T15.png,APPV717I
I1_tile4_n287,I1,4,APPV717I,0ms,T15,15,images/RFP1/I1_tile4_n287_T15.png,images/Halo/I1_tile4_n287_T15.png,images/RFP1_masked/I1_tile4_n287_T15.png,images/Halo_masked/I1_tile4_n287_T15.png,APPV717I
I1_tile4_n297,I1,4,APPV717I,0ms,T15,15,images/RFP1/I1_tile4_n297_T15.png,images/Halo/I1_tile4_n297_T15.png,images/RFP1_masked/I1_tile4_n297_T15.png,images/Halo_masked/I1_tile4_n297_T15.png,APPV717I
I1_tile4_n307,I1,4,APPV717I,0ms,T15,15,images/RFP1/I1_tile4_n307_T15.png,images/Halo/I1_tile4_n307_T15.png,images/RFP1_masked/I1_tile4_n307_T15.png,images/Halo_masked/I1_tile4_n307_T15.png,APPV717I
I2_tile4_n3,I2,4,APPV717I,0ms,T15,15,images/RFP1/I2_tile4_n3_T15.png,images/Halo/I2_tile4_n3_T15.png,images/RFP1_masked/I2_tile4_n3_T15.png,images/Halo_masked/I2_tile4_n3_T15.png,APPV717I
I2_tile4_n199,I2,4,APPV717I,0ms,T15,15,images/RFP1/I2_tile4_n199_T15.png,images/Halo/I2_tile4_n199_T15.png,images/RFP1_masked/I2_tile4_n199_T15.png,images/Halo_masked/I2_tile4_n199_T15.png,APPV717I
I2_tile1_n1218,I2,1,APPV717I,0ms,T15,15,images/RFP1/I2_tile1_n1218_T15.png,images/Halo/I2_tile1_n1218_T15.png,images/RFP1_masked/I2_tile1_n1218_T15.png,images/Halo_masked/I2_tile1_n1218_T15.png,APPV717I
I2_tile1_n999,I2,1,APPV717I,0ms,T15,15,images/RFP1/I2_tile1_n999_T15.png,images/Halo/I2_tile1_n999_T15.png,images/RFP1_masked/I2_tile1_n999_T15.png,images/Halo_masked/I2_tile1_n999_T15.png,APPV717I
I4_tile4_n41,I4,4,APPV717I,0ms,T15,15,images/RFP1/I4_tile4_n41_T15.png,images/Halo/I4_tile4_n41_T15.png,images/RFP1_masked/I4_tile4_n41_T15.png,images/Halo_masked/I4_tile4_n41_T15.png,APPV717I
I4_tile4_n202,I4,4,APPV717I,0ms,T15,15,images/RFP1/I4_tile4_n202_T15.png,images/Halo/I4_tile4_n202_T15.png,images/RFP1_masked/I4_tile4_n202_T15.png,images/Halo_masked/I4_tile4_n202_T15.png,APPV717I
I4_tile4_n10,I4,4,APPV717I,0ms,T15,15,images/RFP1/I4_tile4_n10_T15.png,images/Halo/I4_tile4_n10_T15.png,images/RFP1_masked/I4_tile4_n10_T15.png,images/Halo_masked/I4_tile4_n10_T15.png,APPV717I
I4_tile4_n271,I4,4,APPV717I,0ms,T15,15,images/RFP1/I4_tile4_n271_T15.png,images/Halo/I4_tile4_n271_T15.png,images/RFP1_masked/I4_tile4_n271_T15.png,images/Halo_masked/I4_tile4_n271_T15.png,APPV717I
I4_tile4_n70,I4,4,APPV717I,0ms,T15,15,images/RFP1/I4_tile4_n70_T15.png,images/Halo/I4_tile4_n70_T15.png,images/RFP1_masked/I4_tile4_n70_T15.png,images/Halo_masked/I4_tile4_n70_T15.png,APPV717I
J1_tile4_n372,J1,4,APPV717I,0ms,T15,15,images/RFP1/J1_tile4_n372_T15.png,images/Halo/J1_tile4_n372_T15.png,images/RFP1_masked/J1_tile4_n372_T15.png,images/Halo_masked/J1_tile4_n372_T15.png,APPV717I
J1_tile4_n235,J1,4,APPV717I,0ms,T15,15,images/RFP1/J1_tile4_n235_T15.png,images/Halo/J1_tile4_n235_T15.png,images/RFP1_masked/J1_tile4_n235_T15.png,images/Halo_masked/J1_tile4_n235_T15.png,APPV717I
J1_tile4_n237,J1,4,APPV717I,0ms,T15,15,images/RFP1/J1_tile4_n237_T15.png,images/Halo/J1_tile4_n237_T15.png,images/RFP1_masked/J1_tile4_n237_T15.png,images/Halo_masked/J1_tile4_n237_T15.png,APPV717I
J1_tile1_n83,J1,1,APPV717I,0ms,T15,15,images/RFP1/J1_tile1_n83_T15.png,images/Halo/J1_tile1_n83_T15.png,images/RFP1_masked/J1_tile1_n83_T15.png,images/Halo_masked/J1_tile1_n83_T15.png,APPV717I
J1_tile1_n468,J1,1,APPV717I,0ms,T15,15,images/RFP1/J1_tile1_n468_T15.png,images/Halo/J1_tile1_n468_T15.png,images/RFP1_masked/J1_tile1_n468_T15.png,images/Halo_masked/J1_tile1_n468_T15.png,APPV717I
J2_tile1_n1639,J2,1,APPV717I,0ms,T15,15,images/RFP1/J2_tile1_n1639_T15.png,images/Halo/J2_tile1_n1639_T15.png,images/RFP1_masked/J2_tile1_n1639_T15.png,images/Halo_masked/J2_tile1_n1639_T15.png,APPV717I
J2_tile1_n545,J2,1,APPV717I,0ms,T15,15,images/RFP1/J2_tile1_n545_T15.png,images/Halo/J2_tile1_n545_T15.png,images/RFP1_masked/J2_tile1_n545_T15.png,images/Halo_masked/J2_tile1_n545_T15.png,APPV717I
J2_tile4_n91,J2,4,APPV717I,0ms,T15,15,images/RFP1/J2_tile4_n91_T15.png,images/Halo/J2_tile4_n91_T15.png,images/RFP1_masked/J2_tile4_n91_T15.png,images/Halo_masked/J2_tile4_n91_T15.png,APPV717I
J3_tile4_n12,J3,4,APPV717I,0ms,T15,15,images/RFP1/J3_tile4_n12_T15.png,images/Halo/J3_tile4_n12_T15.png,images/RFP1_masked/J3_tile4_n12_T15.png,images/Halo_masked/J3_tile4_n12_T15.png,APPV717I
J3_tile4_n200,J3,4,APPV717I,0ms,T15,15,images/RFP1/J3_tile4_n200_T15.png,images/Halo/J3_tile4_n200_T15.png,images/RFP1_masked/J3_tile4_n200_T15.png,images/Halo_masked/J3_tile4_n200_T15.png,APPV717I
J4_tile4_n98,J4,4,APPV717I,0ms,T15,15,images/RFP1/J4_tile4_n98_T15.png,images/Halo/J4_tile4_n98_T15.png,images/RFP1_masked/J4_tile4_n98_T15.png,images/Halo_masked/J4_tile4_n98_T15.png,APPV717I
J4_tile1_n4005,J4,1,APPV717I,0ms,T15,15,images/RFP1/J4_tile1_n4005_T15.png,images/Halo/J4_tile1_n4005_T15.png,images/RFP1_masked/J4_tile1_n4005_T15.png,images/Halo_masked/J4_tile1_n4005_T15.png,APPV717I
J4_tile4_n153,J4,4,APPV717I,0ms,T15,15,images/RFP1/J4_tile4_n153_T15.png,images/Halo/J4_tile4_n153_T15.png,images/RFP1_masked/J4_tile4_n153_T15.png,images/Halo_masked/J4_tile4_n153_T15.png,APPV717I
J4_tile4_n253,J4,4,APPV717I,0ms,T15,15,images/RFP1/J4_tile4_n253_T15.png,images/Halo/J4_tile4_n253_T15.png,images/RFP1_masked/J4_tile4_n253_T15.png,images/Halo_masked/J4_tile4_n253_T15.png,APPV717I
J4_tile4_n88,J4,4,APPV717I,0ms,T15,15,images/RFP1/J4_tile4_n88_T15.png,images/Halo/J4_tile4_n88_T15.png,images/RFP1_masked/J4_tile4_n88_T15.png,images/Halo_masked/J4_tile4_n88_T15.png,APPV717I
J4_tile4_n208,J4,4,APPV717I,0ms,T15,15,images/RFP1/J4_tile4_n208_T15.png,images/Halo/J4_tile4_n208_T15.png,images/RFP1_masked/J4_tile4_n208_T15.png,images/Halo_masked/J4_tile4_n208_T15.png,APPV717I
J4_tile4_n126,J4,4,APPV717I,0ms,T15,15,images/RFP1/J4_tile4_n126_T15.png,images/Halo/J4_tile4_n126_T15.png,images/RFP1_masked/J4_tile4_n126_T15.png,images/Halo_masked/J4_tile4_n126_T15.png,APPV717I
J4_tile4_n2,J4,4,APPV717I,0ms,T15,15,images/RFP1/J4_tile4_n2_T15.png,images/Halo/J4_tile4_n2_T15.png,images/RFP1_masked/J4_tile4_n2_T15.png,images/Halo_masked/J4_tile4_n2_T15.png,APPV717I
J4_tile4_n52,J4,4,APPV717I,0ms,T15,15,images/RFP1/J4_tile4_n52_T15.png,images/Halo/J4_tile4_n52_T15.png,images/RFP1_masked/J4_tile4_n52_T15.png,images/Halo_masked/J4_tile4_n52_T15.png,APPV717I
J4_tile4_n206,J4,4,APPV717I,0ms,T15,15,images/RFP1/J4_tile4_n206_T15.png,images/Halo/J4_tile4_n206_T15.png,images/RFP1_masked/J4_tile4_n206_T15.png,images/Halo_masked/J4_tile4_n206_T15.png,APPV717I
J4_tile4_n223,J4,4,APPV717I,0ms,T15,15,images/RFP1/J4_tile4_n223_T15.png,images/Halo/J4_tile4_n223_T15.png,images/RFP1_masked/J4_tile4_n223_T15.png,images/Halo_masked/J4_tile4_n223_T15.png,APPV717I
J4_tile4_n14,J4,4,APPV717I,0ms,T15,15,images/RFP1/J4_tile4_n14_T15.png,images/Halo/J4_tile4_n14_T15.png,images/RFP1_masked/J4_tile4_n14_T15.png,images/Halo_masked/J4_tile4_n14_T15.png,APPV717I
J4_tile4_n160,J4,4,APPV717I,0ms,T15,15,images/RFP1/J4_tile4_n160_T15.png,images/Halo/J4_tile4_n160_T15.png,images/RFP1_masked/J4_tile4_n160_T15.png,images/Halo_masked/J4_tile4_n160_T15.png,APPV717I
K1_tile4_n108,K1,4,APPV717I,0ms,T15,15,images/RFP1/K1_tile4_n108_T15.png,images/Halo/K1_tile4_n108_T15.png,images/RFP1_masked/K1_tile4_n108_T15.png,images/Halo_masked/K1_tile4_n108_T15.png,APPV717I
K1_tile4_n40,K1,4,APPV717I,0ms,T15,15,images/RFP1/K1_tile4_n40_T15.png,images/Halo/K1_tile4_n40_T15.png,images/RFP1_masked/K1_tile4_n40_T15.png,images/Halo_masked/K1_tile4_n40_T15.png,APPV717I
K1_tile1_n1,K1,1,APPV717I,0ms,T15,15,images/RFP1/K1_tile1_n1_T15.png,images/Halo/K1_tile1_n1_T15.png,images/RFP1_masked/K1_tile1_n1_T15.png,images/Halo_masked/K1_tile1_n1_T15.png,APPV717I
K1_tile4_n14,K1,4,APPV717I,0ms,T15,15,images/RFP1/K1_tile4_n14_T15.png,images/Halo/K1_tile4_n14_T15.png,images/RFP1_masked/K1_tile4_n14_T15.png,images/Halo_masked/K1_tile4_n14_T15.png,APPV717I
K1_tile4_n72,K1,4,APPV717I,0ms,T15,15,images/RFP1/K1_tile4_n72_T15.png,images/Halo/K1_tile4_n72_T15.png,images/RFP1_masked/K1_tile4_n72_T15.png,images/Halo_masked/K1_tile4_n72_T15.png,APPV717I
K2_tile4_n255,K2,4,APPV717I,0ms,T15,15,images/RFP1/K2_tile4_n255_T15.png,images/Halo/K2_tile4_n255_T15.png,images/RFP1_masked/K2_tile4_n255_T15.png,images/Halo_masked/K2_tile4_n255_T15.png,APPV717I
K2_tile1_n1529,K2,1,APPV717I,0ms,T15,15,images/RFP1/K2_tile1_n1529_T15.png,images/Halo/K2_tile1_n1529_T15.png,images/RFP1_masked/K2_tile1_n1529_T15.png,images/Halo_masked/K2_tile1_n1529_T15.png,APPV717I
K2_tile4_n4,K2,4,APPV717I,0ms,T15,15,images/RFP1/K2_tile4_n4_T15.png,images/Halo/K2_tile4_n4_T15.png,images/RFP1_masked/K2_tile4_n4_T15.png,images/Halo_masked/K2_tile4_n4_T15.png,APPV717I
K2_tile4_n106,K2,4,APPV717I,0ms,T15,15,images/RFP1/K2_tile4_n106_T15.png,images/Halo/K2_tile4_n106_T15.png,images/RFP1_masked/K2_tile4_n106_T15.png,images/Halo_masked/K2_tile4_n106_T15.png,APPV717I
K2_tile1_n1407,K2,1,APPV717I,0ms,T15,15,images/RFP1/K2_tile1_n1407_T15.png,images/Halo/K2_tile1_n1407_T15.png,images/RFP1_masked/K2_tile1_n1407_T15.png,images/Halo_masked/K2_tile1_n1407_T15.png,APPV717I
K3_tile4_n47,K3,4,APPV717I,0ms,T15,15,images/RFP1/K3_tile4_n47_T15.png,images/Halo/K3_tile4_n47_T15.png,images/RFP1_masked/K3_tile4_n47_T15.png,images/Halo_masked/K3_tile4_n47_T15.png,APPV717I
K4_tile1_n994,K4,1,APPV717I,0ms,T15,15,images/RFP1/K4_tile1_n994_T15.png,images/Halo/K4_tile1_n994_T15.png,images/RFP1_masked/K4_tile1_n994_T15.png,images/Halo_masked/K4_tile1_n994_T15.png,APPV717I
K4_tile4_n33,K4,4,APPV717I,0ms,T15,15,images/RFP1/K4_tile4_n33_T15.png,images/Halo/K4_tile4_n33_T15.png,images/RFP1_masked/K4_tile4_n33_T15.png,images/Halo_masked/K4_tile4_n33_T15.png,APPV717I
K4_tile4_n252,K4,4,APPV717I,0ms,T15,15,images/RFP1/K4_tile4_n252_T15.png,images/Halo/K4_tile4_n252_T15.png,images/RFP1_masked/K4_tile4_n252_T15.png,images/Halo_masked/K4_tile4_n252_T15.png,APPV717I
K4_tile4_n162,K4,4,APPV717I,0ms,T15,15,images/RFP1/K4_tile4_n162_T15.png,images/Halo/K4_tile4_n162_T15.png,images/RFP1_masked/K4_tile4_n162_T15.png,images/Halo_masked/K4_tile4_n162_T15.png,APPV717I
K4_tile4_n129,K4,4,APPV717I,0ms,T15,15,images/RFP1/K4_tile4_n129_T15.png,images/Halo/K4_tile4_n129_T15.png,images/RFP1_masked/K4_tile4_n129_T15.png,images/Halo_masked/K4_tile4_n129_T15.png,APPV717I
L1_tile4_n143,L1,4,APPV717I,0ms,T15,15,images/RFP1/L1_tile4_n143_T15.png,images/Halo/L1_tile4_n143_T15.png,images/RFP1_masked/L1_tile4_n143_T15.png,images/Halo_masked/L1_tile4_n143_T15.png,APPV717I
L2_tile4_n227,L2,4,APPV717I,0ms,T15,15,images/RFP1/L2_tile4_n227_T15.png,images/Halo/L2_tile4_n227_T15.png,images/RFP1_masked/L2_tile4_n227_T15.png,images/Halo_masked/L2_tile4_n227_T15.png,APPV717I
L2_tile1_n728,L2,1,APPV717I,0ms,T15,15,images/RFP1/L2_tile1_n728_T15.png,images/Halo/L2_tile1_n728_T15.png,images/RFP1_masked/L2_tile1_n728_T15.png,images/Halo_masked/L2_tile1_n728_T15.png,APPV717I
L2_tile4_n113,L2,4,APPV717I,0ms,T15,15,images/RFP1/L2_tile4_n113_T15.png,images/Halo/L2_tile4_n113_T15.png,images/RFP1_masked/L2_tile4_n113_T15.png,images/Halo_masked/L2_tile4_n113_T15.png,APPV717I
L2_tile4_n178,L2,4,APPV717I,0ms,T15,15,images/RFP1/L2_tile4_n178_T15.png,images/Halo/L2_tile4_n178_T15.png,images/RFP1_masked/L2_tile4_n178_T15.png,images/Halo_masked/L2_tile4_n178_T15.png,APPV717I
L2_tile1_n765,L2,1,APPV717I,0ms,T15,15,images/RFP1/L2_tile1_n765_T15.png,images/Halo/L2_tile1_n765_T15.png,images/RFP1_masked/L2_tile1_n765_T15.png,images/Halo_masked/L2_tile1_n765_T15.png,APPV717I
L2_tile4_n3,L2,4,APPV717I,0ms,T15,15,images/RFP1/L2_tile4_n3_T15.png,images/Halo/L2_tile4_n3_T15.png,images/RFP1_masked/L2_tile4_n3_T15.png,images/Halo_masked/L2_tile4_n3_T15.png,APPV717I
L2_tile4_n57,L2,4,APPV717I,0ms,T15,15,images/RFP1/L2_tile4_n57_T15.png,images/Halo/L2_tile4_n57_T15.png,images/RFP1_masked/L2_tile4_n57_T15.png,images/Halo_masked/L2_tile4_n57_T15.png,APPV717I
L2_tile1_n548,L2,1,APPV717I,0ms,T15,15,images/RFP1/L2_tile1_n548_T15.png,images/Halo/L2_tile1_n548_T15.png,images/RFP1_masked/L2_tile1_n548_T15.png,images/Halo_masked/L2_tile1_n548_T15.png,APPV717I
L3_tile4_n235,L3,4,APPV717I,0ms,T15,15,images/RFP1/L3_tile4_n235_T15.png,images/Halo/L3_tile4_n235_T15.png,images/RFP1_masked/L3_tile4_n235_T15.png,images/Halo_masked/L3_tile4_n235_T15.png,APPV717I
L3_tile4_n164,L3,4,APPV717I,0ms,T15,15,images/RFP1/L3_tile4_n164_T15.png,images/Halo/L3_tile4_n164_T15.png,images/RFP1_masked/L3_tile4_n164_T15.png,images/Halo_masked/L3_tile4_n164_T15.png,APPV717I
L4_tile4_n66,L4,4,APPV717I,0ms,T15,15,images/RFP1/L4_tile4_n66_T15.png,images/Halo/L4_tile4_n66_T15.png,images/RFP1_masked/L4_tile4_n66_T15.png,images/Halo_masked/L4_tile4_n66_T15.png,APPV717I
L4_tile4_n179,L4,4,APPV717I,0ms,T15,15,images/RFP1/L4_tile4_n179_T15.png,images/Halo/L4_tile4_n179_T15.png,images/RFP1_masked/L4_tile4_n179_T15.png,images/Halo_masked/L4_tile4_n179_T15.png,APPV717I
L4_tile4_n10,L4,4,APPV717I,0ms,T15,15,images/RFP1/L4_tile4_n10_T15.png,images/Halo/L4_tile4_n10_T15.png,images/RFP1_masked/L4_tile4_n10_T15.png,images/Halo_masked/L4_tile4_n10_T15.png,APPV717I
M1_tile1_n385,M1,1,APPV717I,0ms,T15,15,images/RFP1/M1_tile1_n385_T15.png,images/Halo/M1_tile1_n385_T15.png,images/RFP1_masked/M1_tile1_n385_T15.png,images/Halo_masked/M1_tile1_n385_T15.png,APPV717I
M1_tile1_n192,M1,1,APPV717I,0ms,T15,15,images/RFP1/M1_tile1_n192_T15.png,images/Halo/M1_tile1_n192_T15.png,images/RFP1_masked/M1_tile1_n192_T15.png,images/Halo_masked/M1_tile1_n192_T15.png,APPV717I
N3_tile4_n102,N3,4,APPV717I,0ms,T15,15,images/RFP1/N3_tile4_n102_T15.png,images/Halo/N3_tile4_n102_T15.png,images/RFP1_masked/N3_tile4_n102_T15.png,images/Halo_masked/N3_tile4_n102_T15.png,APPV717I
N3_tile4_n2,N3,4,APPV717I,0ms,T15,15,images/RFP1/N3_tile4_n2_T15.png,images/Halo/N3_tile4_n2_T15.png,images/RFP1_masked/N3_tile4_n2_T15.png,images/Halo_masked/N3_tile4_n2_T15.png,APPV717I
N3_tile1_n2636,N3,1,APPV717I,0ms,T15,15,images/RFP1/N3_tile1_n2636_T15.png,images/Halo/N3_tile1_n2636_T15.png,images/RFP1_masked/N3_tile1_n2636_T15.png,images/Halo_masked/N3_tile1_n2636_T15.png,APPV717I
N3_tile4_n31,N3,4,APPV717I,0ms,T15,15,images/RFP1/N3_tile4_n31_T15.png,images/Halo/N3_tile4_n31_T15.png,images/RFP1_masked/N3_tile4_n31_T15.png,images/Halo_masked/N3_tile4_n31_T15.png,APPV717I
N4_tile4_n222,N4,4,APPV717I,0ms,T15,15,images/RFP1/N4_tile4_n222_T15.png,images/Halo/N4_tile4_n222_T15.png,images/RFP1_masked/N4_tile4_n222_T15.png,images/Halo_masked/N4_tile4_n222_T15.png,APPV717I
N4_tile4_n26,N4,4,APPV717I,0ms,T15,15,images/RFP1/N4_tile4_n26_T15.png,images/Halo/N4_tile4_n26_T15.png,images/RFP1_masked/N4_tile4_n26_T15.png,images/Halo_masked/N4_tile4_n26_T15.png,APPV717I
O1_tile4_n201,O1,4,APPV717I,0ms,T15,15,images/RFP1/O1_tile4_n201_T15.png,images/Halo/O1_tile4_n201_T15.png,images/RFP1_masked/O1_tile4_n201_T15.png,images/Halo_masked/O1_tile4_n201_T15.png,APPV717I
O1_tile4_n181,O1,4,APPV717I,0ms,T15,15,images/RFP1/O1_tile4_n181_T15.png,images/Halo/O1_tile4_n181_T15.png,images/RFP1_masked/O1_tile4_n181_T15.png,images/Halo_masked/O1_tile4_n181_T15.png,APPV717I
O1_tile4_n8,O1,4,APPV717I,0ms,T15,15,images/RFP1/O1_tile4_n8_T15.png,images/Halo/O1_tile4_n8_T15.png,images/RFP1_masked/O1_tile4_n8_T15.png,images/Halo_masked/O1_tile4_n8_T15.png,APPV717I
O1_tile4_n195,O1,4,APPV717I,0ms,T15,15,images/RFP1/O1_tile4_n195_T15.png,images/Halo/O1_tile4_n195_T15.png,images/RFP1_masked/O1_tile4_n195_T15.png,images/Halo_masked/O1_tile4_n195_T15.png,APPV717I
O1_tile4_n129,O1,4,APPV717I,0ms,T15,15,images/RFP1/O1_tile4_n129_T15.png,images/Halo/O1_tile4_n129_T15.png,images/RFP1_masked/O1_tile4_n129_T15.png,images/Halo_masked/O1_tile4_n129_T15.png,APPV717I
O1_tile4_n76,O1,4,APPV717I,0ms,T15,15,images/RFP1/O1_tile4_n76_T15.png,images/Halo/O1_tile4_n76_T15.png,images/RFP1_masked/O1_tile4_n76_T15.png,images/Halo_masked/O1_tile4_n76_T15.png,APPV717I
O1_tile4_n153,O1,4,APPV717I,0ms,T15,15,images/RFP1/O1_tile4_n153_T15.png,images/Halo/O1_tile4_n153_T15.png,images/RFP1_masked/O1_tile4_n153_T15.png,images/Halo_masked/O1_tile4_n153_T15.png,APPV717I
O2_tile1_n594,O2,1,APPV717I,0ms,T15,15,images/RFP1/O2_tile1_n594_T15.png,images/Halo/O2_tile1_n594_T15.png,images/RFP1_masked/O2_tile1_n594_T15.png,images/Halo_masked/O2_tile1_n594_T15.png,APPV717I
O2_tile4_n36,O2,4,APPV717I,0ms,T15,15,images/RFP1/O2_tile4_n36_T15.png,images/Halo/O2_tile4_n36_T15.png,images/RFP1_masked/O2_tile4_n36_T15.png,images/Halo_masked/O2_tile4_n36_T15.png,APPV717I
O2_tile4_n103,O2,4,APPV717I,0ms,T15,15,images/RFP1/O2_tile4_n103_T15.png,images/Halo/O2_tile4_n103_T15.png,images/RFP1_masked/O2_tile4_n103_T15.png,images/Halo_masked/O2_tile4_n103_T15.png,APPV717I
O2_tile4_n39,O2,4,APPV717I,0ms,T15,15,images/RFP1/O2_tile4_n39_T15.png,images/Halo/O2_tile4_n39_T15.png,images/RFP1_masked/O2_tile4_n39_T15.png,images/Halo_masked/O2_tile4_n39_T15.png,APPV717I
O2_tile1_n485,O2,1,APPV717I,0ms,T15,15,images/RFP1/O2_tile1_n485_T15.png,images/Halo/O2_tile1_n485_T15.png,images/RFP1_masked/O2_tile1_n485_T15.png,images/Halo_masked/O2_tile1_n485_T15.png,APPV717I
O2_tile4_n37,O2,4,APPV717I,0ms,T15,15,images/RFP1/O2_tile4_n37_T15.png,images/Halo/O2_tile4_n37_T15.png,images/RFP1_masked/O2_tile4_n37_T15.png,images/Halo_masked/O2_tile4_n37_T15.png,APPV717I
O2_tile4_n16,O2,4,APPV717I,0ms,T15,15,images/RFP1/O2_tile4_n16_T15.png,images/Halo/O2_tile4_n16_T15.png,images/RFP1_masked/O2_tile4_n16_T15.png,images/Halo_masked/O2_tile4_n16_T15.png,APPV717I
O3_tile1_n1770,O3,1,APPV717I,0ms,T15,15,images/RFP1/O3_tile1_n1770_T15.png,images/Halo/O3_tile1_n1770_T15.png,images/RFP1_masked/O3_tile1_n1770_T15.png,images/Halo_masked/O3_tile1_n1770_T15.png,APPV717I
O3_tile4_n10,O3,4,APPV717I,0ms,T15,15,images/RFP1/O3_tile4_n10_T15.png,images/Halo/O3_tile4_n10_T15.png,images/RFP1_masked/O3_tile4_n10_T15.png,images/Halo_masked/O3_tile4_n10_T15.png,APPV717I
O3_tile4_n512,O3,4,APPV717I,0ms,T15,15,images/RFP1/O3_tile4_n512_T15.png,images/Halo/O3_tile4_n512_T15.png,images/RFP1_masked/O3_tile4_n512_T15.png,images/Halo_masked/O3_tile4_n512_T15.png,APPV717I
O3_tile4_n165,O3,4,APPV717I,0ms,T15,15,images/RFP1/O3_tile4_n165_T15.png,images/Halo/O3_tile4_n165_T15.png,images/RFP1_masked/O3_tile4_n165_T15.png,images/Halo_masked/O3_tile4_n165_T15.png,APPV717I
O4_tile4_n411,O4,4,APPV717I,0ms,T15,15,images/RFP1/O4_tile4_n411_T15.png,images/Halo/O4_tile4_n411_T15.png,images/RFP1_masked/O4_tile4_n411_T15.png,images/Halo_masked/O4_tile4_n411_T15.png,APPV717I
O4_tile4_n608,O4,4,APPV717I,0ms,T15,15,images/RFP1/O4_tile4_n608_T15.png,images/Halo/O4_tile4_n608_T15.png,images/RFP1_masked/O4_tile4_n608_T15.png,images/Halo_masked/O4_tile4_n608_T15.png,APPV717I
O4_tile4_n436,O4,4,APPV717I,0ms,T15,15,images/RFP1/O4_tile4_n436_T15.png,images/Halo/O4_tile4_n436_T15.png,images/RFP1_masked/O4_tile4_n436_T15.png,images/Halo_masked/O4_tile4_n436_T15.png,APPV717I
O4_tile4_n270,O4,4,APPV717I,0ms,T15,15,images/RFP1/O4_tile4_n270_T15.png,images/Halo/O4_tile4_n270_T15.png,images/RFP1_masked/O4_tile4_n270_T15.png,images/Halo_masked/O4_tile4_n270_T15.png,APPV717I
O4_tile4_n478,O4,4,APPV717I,0ms,T15,15,images/RFP1/O4_tile4_n478_T15.png,images/Halo/O4_tile4_n478_T15.png,images/RFP1_masked/O4_tile4_n478_T15.png,images/Halo_masked/O4_tile4_n478_T15.png,APPV717I
P3_tile4_n64,P3,4,APPV717I,0ms,T15,15,images/RFP1/P3_tile4_n64_T15.png,images/Halo/P3_tile4_n64_T15.png,images/RFP1_masked/P3_tile4_n64_T15.png,images/Halo_masked/P3_tile4_n64_T15.png,APPV717I
